이름,우편주소,주소, 주소상세,전화번호,이메일
박선영,03923,인천광역시 노원구 서초중앙가 650,재호심타운 527호,070-6046-7504,nbag@example.org
안영숙,50533,충청북도 안양시 영동대659길 716,준서이타운 921호,052-765-0715,gimjiyeon@example.net
이미영,95279,전라남도 광명시 학동로 828,영길최최마을 972호,061-154-5140,lgim@example.org
서경자,07390,전라북도 충주시 서초대길 지하344 (현우김김읍),민지김윤빌라 920호,041-753-7193,myun@example.com
이순자,81712,인천광역시 용산구 백제고분거리 지하76,준호장아파트,019-876-3821,yunseobag@example.org
최정희,51113,충청남도 오산시 백제고분08로 947,지훈박김타운,041-152-4649,jiweon10@example.com
구성진,92330,광주광역시 성동구 석촌호수길 354,정웅박아파트 645호,043-597-5905,sumin30@example.org
이지혜,80913,세종특별자치시 강남구 언주로 982 (민지이마을),예지김박마을 234호,011-620-2688,rjo@example.org
송지연,64566,충청북도 연천군 오금가 775 (상호김마을),수민이최타운 J동 719호,064-794-2769,rcoe@example.net
김서현,82733,인천광역시 은평구 백제고분길 908,병철안노마을 L동 715호,017-978-2881,rcoe@example.net
김수민,37191,광주광역시 강서구 가락665가 454,진우권김연립 041호,010-7646-4868,hwangsujin@example.net
김지원,61880,경상북도 남양주시 논현거리 712 (옥자박면),지훈김강연립 655호,032-951-5855,ni@example.org
박종수,98041,경기도 영동군 반포대836로 393-71 (정수한김면),정숙이타워,017-802-6056,hyeonjugim@example.net
곽지원,71428,세종특별자치시 강남구 오금로 503-90 (중수박동),지민이빌라 416호,041-176-1722,hyeonju64@example.org
김성호,87605,경기도 제천시 잠실길 506,예지최타워,055-928-2966,gusangho@example.com
최서현,11570,서울특별시 금천구 선릉길 168-60 (준호양리),하윤장김타운 991호,070-1755-5784,eunseo39@example.org
이민재,55503,서울특별시 강서구 학동3로 922 (민재문이읍),유진문연립,052-528-4962,zi@example.org
이도현,26550,서울특별시 도봉구 삼성38로 586 (영철서동),준혁한연립 153호,055-011-6437,yeongjinjang@example.org
신영진,91949,광주광역시 구로구 압구정로 지하107,아름장박타워 Q동 106호,063-419-3720,jihye72@example.com
김경숙,56274,전라북도 용인시 처인구 선릉984길 330-45,성현백타워,054-323-9797,jinho90@example.com
안서윤,98609,대구광역시 중구 테헤란26길 329,윤서김타운,041-341-5079,bageunji@example.net
안정자,19720,인천광역시 강서구 반포대로 471-97 (영길윤리),은지박마을,017-519-8829,gimjeonghyi@example.org
이예은,60487,전라북도 옥천군 압구정0거리 272,정숙백마을,064-736-4912,yeonggilbag@example.org
남민지,45377,경기도 시흥시 역삼가 지하334,미경고최연립,042-690-5756,ogim@example.com
김성호,43666,제주특별자치도 부여군 삼성5로 121-55,승현하민빌라,032-108-8882,jeongsun38@example.org
이옥자,22003,전라북도 진천군 강남대70가 505-92,보람김김타운 P동 996호,02-7536-5778,yeongsui@example.org
김명자,00916,부산광역시 동대문구 강남대2거리 3 (예원나면),춘자박마을,070-9854-5821,ebag@example.org
박경숙,47190,강원도 논산시 테헤란46거리 35,수빈이홍타운,018-361-4469,cgim@example.com
김지아,36338,광주광역시 동구 가락로 614,민준김아파트 276호,052-183-5981,migyeonggang@example.org
최민재,63176,경상북도 당진시 학동454길 211-53,은서이타운,016-640-0235,lgim@example.org
강정식,08952,경기도 태안군 역삼5가 577,승현박아파트 X동 815호,061-697-5243,gyeongsug46@example.org
박하은,68778,경기도 정선군 반포대31거리 285,지민김김빌라 U동 220호,041-615-0298,seoyeong07@example.net
김준호,99960,전라남도 증평군 양재천86길 619-19 (정수이읍),준호박타운,010-4347-7415,yeongjinbag@example.org
우옥순,44130,부산광역시 성북구 가락4가 290,성진김박타워 972호,033-733-2108,yangjongsu@example.com
김상호,77615,제주특별자치도 수원시 권선구 백제고분674길 638,수진노강타운,061-346-2694,jihyeon51@example.org
백혜진,80995,인천광역시 강동구 학동182로 348,경희조빌라 029호,033-422-7938,ijunyeong@example.com
김현주,90746,강원도 용인시 처인구 압구정725길 875 (현정서성면),영자권아파트 330호,063-814-8430,hanjaeho@example.org
전현정,97026,제주특별자치도 성남시 분당구 언주461거리 450-86 (영순박김읍),영미장빌라 바동 858호,019-244-0482,sanghungo@example.com
박성수,61166,경상북도 청양군 선릉가 413 (미숙김읍),정희이민빌라 E동 258호,011-435-1869,heoyeongsun@example.com
황예은,40564,경상북도 남양주시 선릉629길 707,우진김타워 345호,042-096-9723,yeongsun27@example.org
임정순,40375,인천광역시 동대문구 양재천로 지하53 (준서이리),순옥이김마을,018-018-3645,yeonghwani@example.org
이지우,58102,충청남도 고양시 일산서구 도산대42거리 328,서연허연립 D동 911호,033-061-7920,zjo@example.org
김예원,94420,인천광역시 서대문구 역삼283가 551 (민지이읍),순자남빌라 500호,062-915-7102,fhan@example.org
김재호,15028,경기도 안산시 양재천39길 595-2 (은지최김면),하윤송연립,063-227-5959,yejunheo@example.org
주주원,14393,울산광역시 마포구 삼성27거리 지하148,성민김빌라 E동 512호,043-036-3698,seoyeongi@example.com
박영일,69663,경상남도 김포시 개포5거리 721-56 (지은홍면),정자이안연립 724호,053-291-1342,coeseongmin@example.com
이성수,85585,인천광역시 강동구 양재천403로 141,영환문연립,011-570-3144,junseoi@example.com
백영숙,93657,경상북도 고양시 일산서구 강남대5가 372 (명자박읍),영호최박마을 L동 941호,062-380-5217,yeeungim@example.org
장지영,94943,강원도 수원시 장안구 잠실길 307-9,은영김김연립,052-381-3846,yeonggilgim@example.net
김지훈,67851,부산광역시 마포구 선릉51로 234-81,수진송타운 857동 074호,062-456-7963,borami@example.net
황서영,20899,서울특별시 서초구 삼성145가 78,은영윤타운 766호,033-572-3291,ti@example.com
강경수,48011,부산광역시 용산구 언주가 697-56 (현우김박읍),은경홍연립,042-316-0573,seongmincoe@example.com
윤민지,04752,대전광역시 도봉구 영동대5로 864-23 (영희임리),선영김빌라 813호,011-220-4888,sunoggim@example.org
김정자,55087,울산광역시 강북구 반포대692가 461,명자김타워,018-325-8478,gwangsu69@example.com
김준서,32388,부산광역시 노원구 선릉가 996-48,민준김빌라 F동 364호,032-761-7143,mijeong75@example.com
이광수,21711,부산광역시 금천구 양재천93거리 491-28 (영순김리),영순김연립 057호,070-1789-9704,jiugo@example.net
이서현,64234,서울특별시 서초구 학동362가 896,미숙이마을 780호,043-416-5493,ecoe@example.com
김경수,57316,부산광역시 용산구 역삼거리 157 (경희노최면),민석윤연립,044-331-0483,qi@example.org
서병철,94455,충청북도 계룡시 역삼거리 지하893,은주이황연립 K동 826호,032-445-1129,gimjuweon@example.com
강예원,67280,강원도 삼척시 테헤란927길 262-47,주원이박아파트 L동 394호,018-078-9997,pgim@example.com
김광수,61728,경상남도 용인시 수지구 논현617로 141-22,현우이서마을 629동 745호,063-706-4882,ogsun51@example.com
박재현,53371,부산광역시 강남구 개포54가 827 (영철이동),서영장구마을,018-295-8229,gimminsu@example.com
권광수,44962,전라북도 의정부시 반포대7거리 지하109 (지은박마을),예은지이빌라,062-946-1775,eunyeongmin@example.net
박승현,02195,서울특별시 금천구 가락길 838,명자윤오연립 마동 347호,010-0274-6847,caeweon83@example.org
안영식,35015,부산광역시 서초구 압구정가 438,예은박문아파트 654호,064-749-4557,hyeonjeong91@example.com
김숙자,64805,전라남도 구리시 석촌호수거리 249-72,경자김아파트 R동 239호,044-447-1113,imijeong@example.net
이준혁,79805,광주광역시 노원구 선릉가 768,영환이손마을 Q동 422호,02-8800-0969,yi@example.org
서숙자,48785,경상남도 횡성군 언주11길 635,예지이차빌라,041-084-1030,namhyeonu@example.net
윤현주,59537,대구광역시 영등포구 백제고분1거리 166-41,지훈이타운 692호,062-220-3831,gyeonghyigim@example.com
박성민,27882,충청남도 평택시 가락가 453-16 (영미최오동),상현노타운 L동 074호,010-4504-2095,junyeong79@example.net
김진우,86565,전라남도 김포시 백제고분90가 80 (지은황김동),지훈황안마을 756호,017-425-0534,coejeongja@example.org
김재호,66684,제주특별자치도 화천군 백제고분로 885,영미윤김타운 R동 255호,016-331-6859,rbag@example.org
배도현,81440,전라북도 파주시 강남대552길 6 (준서박김동),영자조김연립,017-648-7065,jeongja17@example.com
성순자,95671,광주광역시 동대문구 역삼거리 925 (순자문김읍),서연김아파트,041-958-6271,gimsanghyeon@example.net
이현준,36592,울산광역시 광진구 도산대길 135 (정희우리),명자김타워,011-208-7899,lyang@example.com
강민석,23178,서울특별시 동대문구 석촌호수8길 지하198 (서영백면),정희이마을 R동 326호,011-741-9628,zson@example.com
이우진,20844,울산광역시 광진구 영동대길 863-40 (예원권읍),지원문김타운 060호,054-251-9944,gimogsun@example.org
김영철,59182,광주광역시 남구 학동07가 499 (지원김마을),지연서마을 265호,018-528-8518,yeeungim@example.net
민성호,55782,경상남도 삼척시 삼성길 지하971,혜진조김빌라,016-753-2282,ryujeongho@example.net
박정훈,25653,전라남도 예산군 백제고분33길 92-89,예준홍김타운,032-461-8807,yeongil14@example.net
박정희,34202,경기도 여주시 가락450거리 124 (수민김장동),민지나타워 641호,054-132-5008,usangho@example.org
이현정,24401,울산광역시 동대문구 테헤란15로 855,미정장타운 H동 496호,062-427-8981,hyeonugo@example.org
윤민서,44961,전라남도 옥천군 학동로 695-12 (채원이동),정남권타운 99동 522호,063-222-5035,ojeongho@example.com
홍은주,12164,충청남도 평창군 언주31길 716,정자나우연립 E동 602호,033-973-9595,mgim@example.com
최지후,14678,제주특별자치도 공주시 오금로 56,채원김김연립 127호,062-004-0239,jinucoe@example.net
윤진호,05125,경상남도 서천군 영동대거리 228 (상현박동),현주김김아파트,031-376-0622,ihyeonu@example.com
박상철,44706,전라북도 파주시 강남대011가 822-30,예준박이타워 598호,043-714-3775,qno@example.org
류예은,67306,제주특별자치도 예산군 언주거리 641,미경오안마을,043-791-9535,yjo@example.com
김영철,11673,강원도 옥천군 선릉533가 363,동현이빌라 518호,051-552-7588,ijunho@example.org
이현우,74968,전라남도 춘천시 서초중앙가 505,유진김우빌라,02-7230-2771,yejinmun@example.org
오명자,19988,경상남도 포천시 양재천0길 929 (영숙김홍마을),지영최서타운 233호,052-142-2841,yujin65@example.net
이현준,52125,충청북도 양양군 오금58거리 지하139,민재최장타워,054-446-2271,imsiu@example.com
황종수,04760,대구광역시 동구 서초대거리 935-93 (현주최성면),성진오김연립,019-810-4656,jiyeon73@example.net
양은서,71862,경상남도 광주시 가락가 461,정호최연립 76동 091호,02-5999-6811,munjuweon@example.com
김정순,60017,강원도 고양시 덕양구 백제고분가 지하356,영환김안빌라 R동 300호,032-667-9206,bagjihyeon@example.com
이시우,07954,전라북도 안산시 상록구 도산대길 256,지연박연립 448호,054-630-2589,misug69@example.com
김유진,60274,서울특별시 구로구 백제고분7길 648 (예진강김리),승현고타워 479호,062-406-5981,jeonghogim@example.org
김예지,54413,세종특별자치시 도봉구 논현81가 지하817,경수손김타워 X동 145호,051-573-0852,eomjihu@example.com
김서준,24995,경상남도 수원시 팔달구 봉은사가 지하333 (예진서면),영숙서김마을 Y동 989호,041-236-5314,seongho01@example.net
김승현,88157,제주특별자치도 횡성군 삼성길 지하675,예원오김빌라 Q동 991호,042-416-7899,mijeong75@example.org
이지원,34647,부산광역시 서대문구 양재천101거리 239,주원이마을 807호,031-095-3454,juweon08@example.org
이윤서,50817,부산광역시 용산구 압구정225길 392-21,성현김아파트 790호,063-402-4086,bgim@example.net
정성민,86078,서울특별시 북구 서초대8길 722,진호윤진연립 042호,044-964-6906,seungmin74@example.org
이서현,53230,제주특별자치도 보령시 테헤란거리 769 (영호김손리),은주박김빌라 D동 258호,054-805-9729,wgim@example.org
홍지훈,34986,부산광역시 은평구 역삼6로 239 (재현심심동),현주구전아파트 051호,063-585-1910,jeongung45@example.com
이주원,30970,경기도 고양시 일산서구 테헤란거리 940-23 (미경황박동),현지정백연립 A동 411호,041-410-6786,eunseoim@example.org
박성수,60053,울산광역시 중구 도산대7거리 436-49 (동현오동),순옥최이타워 Z동 119호,043-106-3826,ijang@example.org
백중수,45274,강원도 증평군 석촌호수320로 284,종수문윤타운 831호,054-432-4421,seongsu44@example.org
김중수,13779,전라남도 부여군 삼성가 743-7,우진오김아파트 T동 599호,054-435-6604,iminjae@example.net
문재호,59181,세종특별자치시 광진구 가락1로 지하848,성민손문타운 A동 286호,063-452-0344,yeongjinbag@example.com
박혜진,41831,경기도 가평군 학동가 646,영자양타운,011-757-7291,xgim@example.org
최준영,52158,서울특별시 도봉구 학동거리 301,은경박연립 E동 263호,063-259-6047,bhan@example.com
오지후,98714,대전광역시 종로구 도산대가 지하351 (미정곽리),지아황타운 500호,010-6783-2645,seoyungim@example.com
문정식,94125,서울특별시 용산구 강남대가 647-11,승민박타운 616호,032-806-0383,mijeong12@example.com
이종수,50029,서울특별시 도봉구 영동대가 441,현준배김타운 507호,011-462-4016,minjun16@example.org
박은서,53328,서울특별시 금천구 오금길 992-99,성민임이빌라 083동 096호,019-619-1252,jeongho79@example.net
김은서,67012,대전광역시 강남구 테헤란길 800,영수차김빌라 852호,061-141-7444,mungyeongja@example.org
민춘자,66717,대구광역시 강북구 삼성로 지하297,명숙권김타운 106호,042-147-0912,ryujeonghun@example.net
김동현,43456,전라북도 공주시 학동로 644 (경수남박면),예지김이연립,031-700-3280,gimyujin@example.net
장지아,64847,전라남도 태안군 잠실89로 147,민준박빌라 Q동 535호,042-356-5339,junseo00@example.org
김우진,12274,충청남도 안양시 만안구 압구정로 590,아름최이아파트 493호,055-757-7225,gyeongjaim@example.org
서예진,17681,울산광역시 남구 가락로 79 (채원권읍),서윤김빌라,044-418-6896,eunjeong36@example.com
김영자,82858,광주광역시 서구 개포가 173-72,재호박연립,044-581-3834,ijiu@example.org
이준영,77800,제주특별자치도 청주시 흥덕구 서초대길 918-8,성수안박연립 나동 710호,061-082-2365,eunyeonggim@example.net
허은경,16880,대구광역시 광진구 서초대493로 204-83 (옥자조류마을),재호오마을 850호,02-6545-3017,jangjaeho@example.org
고서연,15494,강원도 고양시 덕양구 서초중앙25길 659,정순김타워 778호,032-911-8415,fo@example.com
강정수,20747,강원도 정선군 잠실3로 214-25,정호이김연립 L동 658호,055-886-8344,jiyeonbag@example.org
이영호,52838,인천광역시 관악구 논현가 922-96,진호김타운,011-855-0872,bagseoyeon@example.com
권은경,02930,광주광역시 성북구 오금2거리 23 (영길이김마을),우진김김빌라 732호,011-427-7948,hanmisug@example.com
박보람,05901,경상남도 횡성군 서초중앙068가 103,정식김문타운 D동 595호,054-719-5004,ogsungang@example.com
노민석,38657,광주광역시 성북구 봉은사32가 639 (옥순박마을),은지이타워 P동 589호,062-600-5480,yunyeongceol@example.com
황하은,84899,경상북도 괴산군 삼성610거리 286,시우김이연립 449호,054-965-1012,jeonghocoe@example.net
김건우,79326,부산광역시 강서구 논현길 299 (경자이읍),정식김타운 A동 902호,016-664-4699,songjia@example.com
박광수,01016,충청북도 충주시 백제고분길 647 (은주최문동),서현심이마을,043-193-8522,gimjihye@example.org
고정수,19032,서울특별시 성북구 개포46가 679-18 (준혁손김리),지혜강이연립,031-235-2827,hwangjongsu@example.org
양미영,61449,제주특별자치도 홍천군 학동50로 109,정숙권장아파트,033-631-9892,donghyeon32@example.net
박현지,73872,충청북도 청주시 흥덕구 테헤란가 지하794 (현우김배면),종수류박빌라,010-5064-1806,hwangseonyeong@example.net
엄경수,12167,인천광역시 남구 잠실7길 지하681 (현준이면),정훈이아파트,070-8041-9541,cgim@example.com
이도윤,78843,전라북도 안양시 만안구 가락13길 791-91,영수윤윤연립,031-701-9552,vgim@example.com
한수빈,14156,경상북도 성남시 중원구 석촌호수길 801,준영박타워 Z동 541호,043-949-0816,yejun15@example.com
고성수,38777,인천광역시 영등포구 영동대로 746,옥순윤빌라 K동 935호,044-260-1059,gimsangho@example.org
김하윤,62287,경상남도 시흥시 언주거리 955 (수민이김읍),유진권이마을 J동 838호,044-557-6516,isangceol@example.com
강승현,66412,울산광역시 동작구 서초대332거리 690 (은경최면),영수박타운 F동 915호,032-398-3828,gangsumin@example.com
이은지,33856,세종특별자치시 금천구 언주길 456 (정호배김동),성수김김타워,054-461-0188,subin22@example.net
박병철,86722,서울특별시 성동구 잠실가 595-12 (하은이장리),성수이아파트 982호,062-744-0763,yeeuni@example.org
안민수,59111,경상남도 횡성군 언주7길 222-52,경자이타운 078호,051-572-6020,yejinhan@example.org
이유진,95913,제주특별자치도 여주시 학동8거리 214 (성호박리),정수김장연립,02-7480-2086,yeonggilryu@example.com
박지아,81328,인천광역시 은평구 백제고분길 991-28,수민성안마을,043-075-0442,sanghoi@example.net
박은경,80692,충청북도 원주시 반포대42가 488-83,예은이타운,051-279-0563,sbag@example.org
김지훈,58113,충청남도 안양시 영동대07거리 282 (서연황리),민서김타워 마동 500호,043-655-9932,ygim@example.com
이영진,23229,인천광역시 동구 양재천3로 495,준영최타워 414호,018-979-9038,seoyun06@example.com
서성호,74127,대구광역시 성동구 잠실1길 354,은영백타워 C동 520호,064-784-8757,eunyeongbag@example.com
김정웅,68687,전라북도 태백시 압구정4로 790-18,은서김타워 557호,062-960-8449,wbag@example.org
홍아름,79581,대전광역시 은평구 강남대916가 663,진호오빌라 694호,063-558-9684,ucoe@example.org
고서윤,76034,광주광역시 강서구 도산대로 899,정남박연립 B동 032호,033-168-6454,hyeonji58@example.org
한수민,25631,서울특별시 서대문구 강남대로 615-73 (주원김이마을),민석민마을,010-7229-3260,eungyeongbag@example.com
박채원,37713,부산광역시 양천구 서초대거리 505-38,지혜이홍아파트 라동 859호,018-469-1291,jeongho87@example.com
김은영,82594,전라북도 고양시 일산동구 언주길 지하901 (준혁임홍마을),지민고김타워 013호,064-703-9427,egim@example.net
김은영,51111,경상북도 논산시 반포대거리 269 (민재안이리),정수신허빌라 114호,054-130-2466,di@example.org
이영순,17057,광주광역시 용산구 강남대0거리 670-88,지우김김연립,017-789-3480,jihye59@example.com
김예지,39531,인천광역시 노원구 삼성가 959,춘자서김연립,052-404-3953,yeweoncoe@example.net
이경자,52177,경상남도 과천시 학동457가 328-24 (병철이손면),명자김타워,062-065-4707,thwang@example.com
윤현지,98042,경기도 부여군 도산대362가 326-68 (민준박홍면),정수한곽타워,010-6833-3636,jungsu83@example.com
김정남,65086,인천광역시 금천구 압구정가 456,정남김김빌라 438호,053-128-2502,gi@example.com
문예준,53695,광주광역시 강남구 압구정7거리 900-31,옥자김빌라 880호,016-294-1145,eunjeonggim@example.net
김광수,95368,인천광역시 서초구 반포대길 398-70 (영일박김면),은경김한마을,055-100-6584,hyeonjungim@example.net
윤상호,25855,인천광역시 강서구 백제고분로 지하147 (명숙고동),유진김빌라 D동 849호,042-618-5587,ggim@example.org
김영길,70449,부산광역시 영등포구 백제고분097거리 996 (정자권읍),영진조엄마을,017-673-6925,junseo53@example.com
이예준,57234,강원도 영동군 역삼길 470 (정식김김동),영일박고타운,018-772-0566,iyeongja@example.net
조성민,65931,대구광역시 서대문구 서초중앙가 508-65,진호이노타워 L동 926호,032-417-6446,subin45@example.org
김지현,93226,울산광역시 강남구 압구정로 738-65,순자김마을 라동 908호,031-118-3803,junyeongcoe@example.net
장우진,80312,울산광역시 북구 학동78로 185 (옥순안마을),선영손이타워 907호,063-309-5885,gyeongsui@example.org
김민재,27137,제주특별자치도 광주시 서초중앙927가 990-9 (민석남임마을),은정이타워 583호,031-350-5176,sanghun97@example.net
윤하은,14008,광주광역시 용산구 학동544길 833,성호차빌라 342호,043-233-9721,iseongsu@example.com
김서현,17858,전라북도 여주시 석촌호수09가 369 (영철박최읍),영일이연립,053-244-5235,eungyeong85@example.net
민예지,64843,인천광역시 성북구 석촌호수977로 지하206 (은주이장면),정식김마을,011-362-8746,gimmyeongsug@example.net
김영식,64136,대전광역시 서대문구 봉은사가 437 (예은고오면),건우오윤마을 T동 353호,054-373-6139,seunghyeonsong@example.com
안정훈,56381,경기도 하남시 개포로 377-23 (영철조동),선영유타운 N동 023호,062-392-1774,vi@example.net
김현숙,78481,세종특별자치시 동대문구 석촌호수거리 474,현지하타운,043-579-6038,jeongung22@example.net
이보람,64437,부산광역시 구로구 서초대631거리 75 (영식한류마을),예준이이마을 G동 078호,052-522-1017,sinjeongho@example.org
김서연,23793,서울특별시 광진구 논현934길 24 (정식박리),현숙박김타워 839호,061-638-6356,dgim@example.net
이수빈,62961,충청북도 강릉시 서초중앙5거리 992-7,예지서김연립,033-446-8806,sujin48@example.net
강준혁,24228,경기도 부천시 소사구 논현696로 900-98 (민수김류읍),은지김안타운,032-546-8355,dohyeonbag@example.com
한건우,50955,광주광역시 성동구 반포대55로 319 (경숙남리),미영하타워 612호,031-849-5858,myeongja11@example.com
권경자,16266,경기도 용인시 기흥구 학동744거리 679,성훈조타워 P동 227호,070-4494-4525,suminan@example.com
김현주,47059,강원도 제천시 백제고분329가 405,서영김연립 739호,017-743-5590,hcoe@example.org
이정호,63697,부산광역시 서구 언주210길 지하709,경수최빌라,032-894-8681,yeongsunjeon@example.com
김도현,54634,경상북도 양평군 강남대로 76,상호한진빌라 348호,042-720-1142,mgim@example.com
문옥순,35111,서울특별시 용산구 언주2로 766,순자이이아파트 608호,011-069-2494,yejigim@example.com
윤예은,66326,충청남도 청주시 서원구 삼성로 502-92 (경숙김동),지민차연립,063-738-9711,gimsangho@example.org
최명숙,18804,서울특별시 금천구 서초대거리 4-71,서준박장아파트,010-8980-0402,yeongmi60@example.com
김영수,90396,인천광역시 남구 테헤란로 112,은주김아파트 332호,042-445-7004,gimhyeonjun@example.net
윤성진,79881,경상남도 시흥시 선릉길 526,영길이아파트 D동 124호,018-221-1992,egim@example.net
나현정,94113,전라남도 원주시 학동591길 지하926,영미박타워 470호,054-473-6563,miyeonggim@example.net
양순자,16869,인천광역시 용산구 선릉9길 지하597,수진이타운 P동 153호,032-121-1761,ecoe@example.net
김선영,54341,전라북도 홍성군 논현로 지하808 (현지박황동),민준이마을,041-544-2225,hgim@example.org
안수빈,61007,강원도 용인시 수지구 가락136로 598-32 (예은김김동),순자김서마을 306호,019-331-0518,jiyeongim@example.net
최은지,18196,전라남도 인제군 서초대711거리 944-31,준서박김마을 566호,053-806-5194,ksong@example.com
손시우,75301,광주광역시 서대문구 석촌호수로 754,예준박서연립 684호,051-599-4477,isunja@example.com
박선영,00645,대전광역시 도봉구 양재천거리 929,준혁김장아파트 U동 665호,044-274-9435,coejeongho@example.net
김민재,65266,충청북도 성남시 수정구 선릉로 68-17 (현준이읍),지원김김타운 다동 208호,02-6336-9782,sumin42@example.net
김우진,72788,서울특별시 양천구 역삼로 980-88,성호김타워,033-221-8328,hongjieun@example.com
박경자,72309,대구광역시 양천구 언주624로 124,옥자황박타운 043호,018-192-8168,gyeonghyio@example.org
박예진,69417,대구광역시 강남구 서초중앙거리 877-86 (현우박손마을),지민박김마을 121호,041-082-2393,jeongnamgim@example.com
박혜진,06914,세종특별자치시 송파구 압구정거리 829 (수빈문최리),주원장타워 C동 439호,064-781-6694,hyeonji05@example.com
최예준,28530,대구광역시 은평구 잠실4가 292-98,지현강장연립 X동 655호,010-8361-9843,jiweoni@example.org
이경수,91550,충청북도 안양시 만안구 강남대88거리 217,서현김장타워 255호,041-866-6670,abag@example.com
서재현,77865,부산광역시 노원구 서초중앙길 36-13 (은주김남읍),보람이한빌라,033-350-4972,munminjae@example.org
이동현,15878,인천광역시 구로구 학동2거리 309 (정자한김마을),지영김마을 W동 520호,055-964-0072,coejihun@example.com
김종수,28231,전라북도 양양군 테헤란거리 지하555 (민수이김읍),춘자이타운 47동 935호,018-979-6200,jeongja57@example.com
김예은,47353,제주특별자치도 증평군 백제고분가 388 (상훈이오면),민석허오마을 R동 678호,032-251-7480,isumin@example.com
최채원,36756,인천광역시 강동구 선릉길 917-71 (은경백김읍),영진이아파트 662동 574호,011-867-3833,jihyeoncoe@example.org
이옥자,53568,부산광역시 성북구 양재천로 959,주원이장연립,070-3709-5115,gimyeongja@example.com
배상호,14167,제주특별자치도 청주시 서원구 오금거리 481-74 (지아이김마을),영길박마을 843호,052-500-9497,sunog31@example.net
장준혁,26214,경상북도 영월군 가락가 781-24,정숙최타운 나동 346호,02-0879-2853,jeongsig11@example.com
김경수,72067,경기도 안산시 강남대가 지하260,현정김성마을 383호,043-388-5074,jeonghyi38@example.com
최숙자,94645,제주특별자치도 광명시 역삼로 571,정자이빌라 069호,052-159-4674,seoyeongyang@example.com
김정훈,42031,서울특별시 용산구 오금150가 지하62,지은이타워 83동 506호,053-193-1063,jeongsui@example.net
김숙자,60323,제주특별자치도 충주시 선릉3가 지하70 (예원김김리),영미김아파트 544호,032-320-3598,junyeong18@example.net
김지원,52212,대전광역시 중랑구 언주거리 786,도윤김김타운 580호,043-603-8027,ijunseo@example.net
김정남,20198,세종특별자치시 송파구 강남대6거리 778,준서송최타운 992호,017-564-1859,yeonghyi70@example.org
김정자,81362,제주특별자치도 화천군 삼성길 22-94,예원김아파트 042호,031-215-1625,jeonghyi97@example.net
심지혜,78550,대전광역시 노원구 석촌호수거리 147-64,상호김김타운 Z동 798호,063-805-8772,yeonghojang@example.org
김민지,54060,충청북도 홍천군 학동가 555-74 (선영김마을),재현이김연립 550호,044-194-9203,gimjaeho@example.com
김준호,84246,광주광역시 강서구 가락로 41,영일박마을 650호,033-842-3771,hanjiyeon@example.org
김민수,97179,강원도 양평군 봉은사1거리 628-47 (지현고읍),영희박백타워 394호,070-8487-6215,juweonjang@example.org
송중수,76781,충청북도 화성시 언주거리 563 (미정김면),성훈문이마을,017-225-4179,hyejini@example.net
문지민,74770,대구광역시 동대문구 석촌호수로 959 (병철최최동),시우장황연립 P동 226호,017-910-4760,jinugang@example.org
김영호,49129,대전광역시 서초구 봉은사로 392-90,수진이안타워 마동 008호,053-212-4866,sanghyeonyun@example.com
김정식,94572,대전광역시 성동구 테헤란3가 511,선영황박타워,016-846-6399,hanjunho@example.net
박지영,42511,광주광역시 영등포구 역삼가 389 (상호이마을),승민김타워 271호,011-337-5457,gimjeongung@example.net
안도윤,06634,인천광역시 성동구 서초중앙483로 187-71,윤서김전연립 Z동 544호,044-050-3402,yeonghyi91@example.net
박영자,80830,인천광역시 동대문구 테헤란거리 956-91 (수빈주박리),아름박이아파트,018-599-5287,ujin68@example.com
류은지,36072,울산광역시 동작구 봉은사길 587-10 (영수문이면),재호김김타운,018-444-5654,hwangjeonghun@example.com
김민준,60306,세종특별자치시 중구 서초대로 941 (현정김동),진호오지타운 Y동 329호,043-652-5637,jiyeon07@example.org
류승민,05667,강원도 충주시 서초대88로 53 (은경이면),성수심연립 512호,054-717-8210,doyunbag@example.com
서정웅,84656,전라북도 음성군 압구정로 318,정식오백마을 B동 191호,063-690-7633,jihunmun@example.net
이하은,65271,제주특별자치도 오산시 학동거리 10-84,순자김김연립 D동 450호,02-8729-7014,sugja92@example.net
장영호,11612,강원도 안양시 동안구 잠실8로 138 (시우류마을),하윤김이빌라 459동 573호,018-945-5020,sanghyeon35@example.org
이정희,83445,경상남도 태안군 논현737가 지하550,지아김권연립,033-427-0351,ygim@example.net
김민지,55129,대구광역시 중구 양재천가 358,준혁김연립 G동 624호,052-012-6513,seohyeoni@example.org
김영식,98989,강원도 성남시 분당구 압구정거리 182 (정희윤이마을),유진이류타워,051-743-5516,ebag@example.net
곽상철,29452,전라북도 용인시 기흥구 강남대길 76-67 (지혜지최동),아름안빌라 W동 849호,055-742-8622,sanghun53@example.net
박지훈,75061,강원도 고양시 백제고분로 543,상훈이타운,043-650-9983,xgim@example.org
최서연,10433,전라북도 제천시 오금56거리 972 (은지홍강리),지민박아파트 585호,070-1403-3454,bagjunseo@example.com
주옥자,47790,광주광역시 중랑구 양재천4거리 467 (지혜김문면),수민양연립 I동 858호,043-595-8050,juweoni@example.net
나수진,46574,세종특별자치시 마포구 잠실6길 573,은주서타운 866호,011-493-5146,jihyeongim@example.org
최경자,04540,충청남도 증평군 개포거리 17-61,현우최이마을,051-611-8843,gi@example.com
이성수,85400,울산광역시 서대문구 삼성4로 171-84,영수임아파트,019-482-0967,jeongsun46@example.net
김중수,65300,경상북도 증평군 백제고분가 413,영식김아파트 S동 146호,053-529-5105,hyeonjun77@example.com
김예원,68030,충청남도 파주시 강남대가 198,시우김김아파트 142호,044-490-5576,jongsu32@example.org
김민재,53085,충청북도 횡성군 서초대가 606-24 (현주남동),미영한김아파트 F동 585호,032-832-8621,goeunji@example.org
이혜진,92673,전라북도 예산군 학동51가 379 (정웅유마을),우진구백타운 가동 096호,042-316-6011,jiweon51@example.net
안정웅,15801,전라북도 고양시 테헤란98로 480-68 (정희김이동),유진이아파트 420호,062-979-5424,jiyeongi@example.com
신정훈,01094,대구광역시 동대문구 양재천129길 12-48 (지훈안리),승현김아파트 A동 895호,044-185-3738,gimgyeongja@example.org
권상현,60744,경기도 홍천군 서초중앙길 164,숙자곽타워,042-592-4618,jiu08@example.org
최영숙,49420,울산광역시 성동구 양재천거리 546-70,준혁안김타운 809호,053-365-1535,aim@example.com
김정훈,54284,강원도 고양시 일산서구 반포대446길 547 (영식이김읍),영수장구연립 R동 338호,031-284-5725,minseog24@example.com
남보람,80840,충청남도 용인시 서초대가 840-75 (성호오정읍),상훈김연립,031-919-1132,donghyeongim@example.com
오선영,84996,경상남도 횡성군 강남대거리 110-41 (정자김윤리),정숙조연립 R동 287호,054-017-3755,seominjae@example.com
이춘자,95341,대전광역시 은평구 오금길 372 (민석서읍),민지조연립 080호,016-576-2234,bagseunghyeon@example.org
신미경,00004,경상북도 안양시 만안구 양재천803길 12-64 (숙자이마을),예진김아파트 735호,052-548-4279,rgang@example.net
고성훈,38057,제주특별자치도 충주시 반포대거리 410,성훈김아파트,054-364-7743,munjinu@example.org
김광수,77243,강원도 아산시 반포대길 482 (미경이박리),지원최황연립,011-738-9018,sanghun89@example.net
박미영,24341,대전광역시 성북구 언주205가 575,지연김김타운 383호,019-968-0776,gimseonyeong@example.net
최예지,98932,전라남도 용인시 수지구 가락3길 420,도현남김연립 N동 266호,054-834-6910,hyeonjungweon@example.net
성미경,53195,제주특별자치도 수원시 오금가 957 (시우이박읍),우진홍타워 924호,070-4753-1068,ijongsu@example.net
김상철,30254,대전광역시 금천구 잠실739거리 439,보람이이마을 270호,016-699-2403,iseoyeong@example.org
최보람,68294,충청남도 양주시 반포대길 572,주원고빌라,033-336-7789,caeweonji@example.org
남준혁,76780,경상북도 용인시 수지구 잠실로 59,민준최오마을,033-602-6301,ci@example.com
최중수,93243,인천광역시 동대문구 가락2길 974,옥자김마을 N동 424호,042-507-5303,jeongjagim@example.com
김영길,30289,대전광역시 도봉구 도산대913길 461 (채원황오면),서윤이김빌라 373호,031-911-5742,jgim@example.net
이진우,73216,대구광역시 남구 테헤란85로 지하937,명숙박아파트 L동 195호,033-180-5507,boram54@example.org
오정웅,07813,전라북도 성남시 중원구 선릉1거리 949-3 (주원송하마을),준혁윤빌라,017-901-2683,gyeonghyi73@example.com
김준혁,65267,인천광역시 구로구 학동62길 313-20 (현우진면),미경김김빌라 T동 132호,070-0116-5267,gimjungsu@example.com
박시우,19193,광주광역시 동대문구 압구정로 451-26,상현황타운 574호,043-339-7076,gimjunhyeog@example.com
김진호,71722,전라북도 음성군 서초중앙26가 485 (예준오한면),예지김마을 G동 815호,041-445-0257,igim@example.net
백은경,32000,인천광역시 중랑구 학동006길 483-14,준영김타워,016-645-8223,jinu54@example.org
이주원,05740,인천광역시 중구 봉은사77길 950,재호황아파트 538호,033-420-0718,honggwangsu@example.com
장영미,17466,경기도 안양시 동안구 삼성거리 577-94 (아름손동),민준김김타워 D동 242호,02-3849-1082,eunjugim@example.org
허정순,76942,전라북도 청주시 서원구 가락44거리 421,영미이윤타워,051-415-7866,lyang@example.com
박영진,94774,대구광역시 서구 서초중앙거리 697-63 (영길차면),은정김빌라 308호,041-891-6611,gumiyeong@example.net
고영철,23443,서울특별시 남구 석촌호수길 112 (미정김면),영순홍타워 542호,070-8602-3312,minsugim@example.net
최상훈,11603,대구광역시 은평구 서초대196길 246-8,도윤양빌라,016-751-5259,gyeonghyi07@example.net
장정훈,83851,대전광역시 강북구 양재천06길 357 (건우이박면),현우이김마을 378호,010-7030-7874,eunjeong24@example.net
김지현,17474,광주광역시 중랑구 개포가 485 (은지김리),채원김타워,064-709-4162,eunyeongi@example.com
강지은,08729,세종특별자치시 관악구 서초중앙1거리 122,영호김연립 203호,017-040-9475,jeongsugo@example.com
오은영,21013,부산광역시 노원구 학동69가 595,동현이빌라 가동 860호,041-235-6483,icunja@example.net
최영일,19010,전라남도 부천시 오정구 역삼가 458,재호한연립 044호,010-5666-1934,bagjeonghun@example.net
김준서,09496,전라남도 고성군 역삼9거리 676 (지민손마을),성호양빌라 495호,053-816-9900,mi@example.net
강지훈,31986,대구광역시 동작구 반포대거리 171-92 (지훈이박동),서연김연립 H동 305호,062-308-5107,cim@example.net
김영숙,66464,경상남도 고양시 덕양구 서초중앙4가 202-34,정자황한마을 561호,064-799-2420,oca@example.net
김지연,33298,대전광역시 중구 석촌호수08길 173 (명숙김강마을),지영박타워,033-685-4384,gweondohyeon@example.org
강미정,23438,경상북도 안산시 상록구 논현로 760-80,지우강타워 188호,032-130-1093,hjang@example.net
김미정,74747,광주광역시 강서구 압구정거리 지하493,정숙우한빌라 809호,033-415-7890,gyeonghyi52@example.com
김승민,02968,전라남도 보령시 역삼77로 389-83,상호이박빌라,010-2666-3564,bagjaehyeon@example.org
문현지,88205,충청북도 괴산군 언주로 712-53,성현박한연립 O동 189호,033-494-7967,hangyeongsug@example.com
박영식,96159,대전광역시 서초구 역삼가 975,상호김마을,011-975-1706,jaeho05@example.net
안혜진,78929,강원도 청주시 청원구 서초중앙로 453-29,하윤백빌라 812호,070-3607-3960,minsujo@example.com
유예준,73208,서울특별시 금천구 양재천길 65,정웅손마을 라동 971호,032-541-9383,gyeongsugim@example.com
한영진,64049,제주특별자치도 당진시 언주92거리 107-65 (상철최김마을),현정이송타운 920호,033-424-1334,nojuweon@example.net
이예은,81025,경기도 남양주시 테헤란거리 125-6 (은정배마을),현정오아파트 327호,061-143-1868,heosujin@example.net
엄예지,01507,경상북도 이천시 개포31길 871 (서윤최리),종수김김타운 993동 091호,064-749-8198,gimyeongsug@example.com
박은주,41038,경기도 괴산군 백제고분길 137-88 (준호김김면),중수오아파트 U동 671호,010-7358-4246,eunseogim@example.com
정지영,65249,서울특별시 종로구 백제고분31로 123,경숙김김타운,041-960-5552,gimmiyeong@example.org
홍은정,23681,경상남도 수원시 장안구 강남대길 754,지현박타운,041-138-5387,misug01@example.com
권승현,12370,대전광역시 성동구 언주544거리 296,경수이아파트 라동 511호,032-892-2828,seonyeong13@example.com
이명자,23174,전라북도 시흥시 삼성길 지하531,수진한타운 043호,064-728-3728,yeongmigim@example.org
심성수,78792,세종특별자치시 노원구 강남대길 409 (서영윤최마을),민재김홍타운 868호,031-963-7424,siugim@example.org
양영진,53058,제주특별자치도 예산군 언주길 451 (서연배면),지원윤타운,016-089-3571,hyeonjeongheo@example.org
최은서,80024,대전광역시 남구 논현08로 414 (준호김강읍),정자김최빌라,017-596-0785,jimin04@example.com
이현숙,30966,전라북도 태안군 서초대로 441-84 (지은안동),우진박빌라 K동 966호,062-165-5727,ijeongsug@example.org
전채원,55647,세종특별자치시 동작구 학동7가 50 (지원김이동),정식김황타워 911호,02-3337-2229,coehaeun@example.net
김서현,74214,충청북도 광명시 오금길 741-23 (정웅이김마을),순옥이남마을 757호,033-497-0569,gweonminjun@example.org
이미정,77602,서울특별시 서대문구 잠실930가 729,상훈고이타운 709호,031-994-7633,dbag@example.net
박윤서,94307,경기도 속초시 서초중앙0거리 852 (도현박마을),준영김최타워 O동 735호,053-255-8088,bagmyeongsug@example.org
권상철,10926,전라남도 계룡시 삼성22가 302,서윤박타워 483호,053-562-4709,jieuno@example.org
강준영,16168,울산광역시 송파구 선릉거리 656-62,정수최타워 596호,018-790-3443,gimogsun@example.net
송우진,22126,광주광역시 서구 삼성길 458-94 (지훈김박읍),숙자남아파트 351동 259호,051-838-4926,ubae@example.com
이정숙,41157,제주특별자치도 홍천군 언주길 지하902 (정호황리),보람윤이빌라,031-850-9492,gimjihyeon@example.org
송서영,62959,경상남도 수원시 장안구 서초중앙059길 93-84,은주이이타운,044-355-5886,misug09@example.com
김영호,30023,전라북도 화성시 백제고분길 857-37 (준영서리),성민최이빌라 624호,064-793-6952,myeongja69@example.com
김채원,96685,경기도 속초시 도산대거리 917 (지후이동),영미이연립,016-327-0079,eunyeong99@example.org
서지원,52199,대구광역시 관악구 석촌호수로 지하155,채원진윤마을,064-709-2127,jinu07@example.net
하성민,68023,세종특별자치시 강서구 양재천길 65 (영일김읍),성현김박연립 Q동 699호,042-726-1920,migyeong23@example.net
박정훈,30552,서울특별시 금천구 논현339길 698,경희송이빌라 609호,010-0527-5953,yeongmibag@example.org
김현준,57636,대구광역시 용산구 선릉가 147,정남이양연립,061-663-3506,bgim@example.org
이주원,45621,경상남도 예산군 논현길 957-3,영식곽이빌라 123호,053-015-7442,jangsiu@example.com
이승현,22110,경상북도 홍천군 봉은사423길 382,영숙김연립 625호,032-790-5799,ihwang@example.com
나현우,06349,제주특별자치도 고양시 일산서구 양재천로 828-17,예은임타운 964호,011-759-3628,seongsu70@example.org
김서연,32568,충청남도 하남시 개포78길 349-42 (민석송장면),선영이최타워 222호,052-965-9015,coecaeweon@example.net
홍승현,86745,경기도 청주시 서원구 봉은사로 35,예진김강타운 172호,052-736-4676,yeongjin29@example.com
오경희,19006,충청북도 정선군 잠실1길 903 (정훈김동),지훈김우타워 바동 203호,051-981-9677,cju@example.net
이시우,90547,광주광역시 금천구 오금020길 411,미영오박타워 O동 973호,052-658-8665,eunseoan@example.com
박병철,58438,경상남도 청양군 서초중앙길 129,현준김강연립 F동 682호,011-395-3701,eunyeong11@example.net
김시우,88020,대전광역시 성북구 영동대7로 111-8 (지아오리),정호김박타운,02-8371-8191,cgim@example.com
장예은,28014,부산광역시 중구 오금가 657 (도현이읍),민준권연립,033-246-6951,subin00@example.org
나숙자,92620,전라북도 인제군 논현79길 903,승민김허타운 X동 546호,033-588-4628,ihyeonjeong@example.net
황채원,56120,울산광역시 남구 영동대로 646 (현준조김읍),성수김이타워 바동 969호,033-460-3764,mgim@example.com
안영순,90726,제주특별자치도 강릉시 논현48거리 297,아름한빌라 137호,054-556-9749,gyun@example.org
박경자,66292,제주특별자치도 안양시 동안구 테헤란가 890 (옥순김읍),순자최문아파트 892호,017-261-5257,sangceolbag@example.net
최지연,42761,서울특별시 송파구 강남대14길 904-18,하윤서타워 975호,055-165-3304,ijeongsun@example.org
심미영,42057,광주광역시 성북구 언주604로 지하386 (현정김장읍),유진장김타운,055-829-0672,jongsugim@example.net
김광수,65912,울산광역시 종로구 잠실거리 89-78,영자주이타워 239호,031-259-8796,bagseongmin@example.com
박명숙,39385,서울특별시 강서구 백제고분522가 지하171,민재김마을,018-171-1890,zgim@example.com
권성진,60945,세종특별자치시 마포구 서초대길 904,현우이이아파트 892호,016-387-4313,bagogsun@example.org
서지민,34955,울산광역시 서초구 삼성길 지하364 (서현이마을),정순김타워 605호,042-398-9530,agim@example.org
서영일,33229,경기도 괴산군 언주237로 525-47,수민김문타워 061호,070-4874-8970,iyujin@example.net
박은영,34080,서울특별시 양천구 반포대가 지하859 (미영최송읍),수민윤마을 O동 539호,019-413-1487,jiyeon22@example.net
이시우,58751,부산광역시 관악구 도산대24로 705 (민지이리),정수박타운 V동 426호,055-821-7192,hyeonsugji@example.com
이수빈,56768,서울특별시 서구 가락2로 459,정자박이빌라,070-4872-6157,hyeonju00@example.com
서준서,85587,경기도 청양군 양재천로 지하935 (영철윤전동),하윤김타워 490호,070-6470-7969,iogja@example.org
한지우,68617,광주광역시 강북구 봉은사548길 지하386,미영서주빌라 633호,053-547-6680,jhwang@example.com
강성민,97062,울산광역시 서구 압구정93거리 지하468 (경희윤마을),은경권최타운 S동 170호,031-264-6511,naminseo@example.com
강우진,91668,전라북도 구리시 서초중앙길 지하672,영자주김연립 589호,043-517-4430,gwangsuyang@example.net
박서준,17763,경상북도 태안군 학동거리 511-83,영희박김연립 398호,032-048-3734,xjo@example.net
황현준,74718,세종특별자치시 중구 서초대로 79,수진최마을 148호,044-762-1586,byeongceol94@example.net
안상호,74231,서울특별시 관악구 석촌호수18길 지하862,정수임빌라,052-740-2930,xgu@example.com
김성민,03838,서울특별시 금천구 백제고분49거리 565-90,영숙박타워,052-952-1119,egim@example.net
김예준,80430,제주특별자치도 서산시 양재천7거리 201 (지우최읍),영자윤김빌라 L동 971호,070-6629-2263,sangceol61@example.com
장현우,37258,부산광역시 송파구 논현길 6 (예원김박읍),은주문아파트,032-047-4757,uo@example.com
김경희,00165,인천광역시 북구 개포46로 지하471 (정호손마을),상철황타운 P동 303호,061-460-9128,seonghona@example.com
백서연,09906,광주광역시 서구 삼성327가 142 (중수이박읍),민석고빌라 761호,018-911-6925,joeunju@example.org
안수진,66193,경상북도 부천시 서초중앙38길 67 (영철이리),현정이빌라,018-678-3855,gweoneungyeong@example.com
박영진,63582,전라북도 영월군 백제고분9길 193-10,은주박빌라,062-209-8121,di@example.net
김성수,42931,인천광역시 강동구 영동대거리 918-84,하은이홍아파트,02-2362-3611,wseo@example.net
고정식,05561,전라남도 용인시 기흥구 서초대가 828,현지백김연립,02-2782-5880,jgim@example.net
이순옥,35439,인천광역시 서초구 백제고분가 617-32 (준영김김마을),숙자박타운,042-429-1859,gimboram@example.net
박정식,90499,충청북도 춘천시 삼성길 223 (경자윤리),영수문빌라,010-7523-7440,jinhoi@example.org
이지원,95606,충청남도 의왕시 잠실771로 811-66 (지후조유마을),영식이마을 200호,032-263-6409,migyeong48@example.net
이지영,37270,전라남도 수원시 권선구 가락82길 574 (예원이손면),윤서김타워,070-2606-3418,gyeonghyi08@example.net
배지민,99416,전라북도 청양군 백제고분0길 633-16 (영길김한마을),아름김김마을,051-579-6083,yeongjabag@example.org
최지현,63103,전라북도 천안시 서북구 학동94가 936-68 (영미박이면),선영이김타워,019-424-0588,baghyeonjeong@example.org
이상훈,68228,세종특별자치시 도봉구 선릉964거리 192 (수빈최류리),준호송타운,010-3987-4660,ihyeonji@example.org
박순자,86878,충청남도 안양시 동안구 봉은사270길 731,현주박타워,033-965-7454,cgim@example.com
김서윤,06699,경상북도 용인시 학동286길 410-75,도현권아파트,019-391-4667,hgim@example.org
김선영,08914,경기도 금산군 오금길 359,영식이김빌라 Y동 909호,053-366-3398,hwangcaeweon@example.net
권정호,86392,전라북도 보령시 역삼7길 874-50,광수김아파트,02-0417-3166,sangceol41@example.com
김건우,38295,대구광역시 종로구 개포거리 932 (예진이동),상훈최연립 마동 309호,02-1559-2367,coeyeongsu@example.com
김종수,45620,서울특별시 동대문구 도산대거리 247,미숙이연립,063-344-0619,hyeonjun01@example.org
김미경,68161,경상남도 남양주시 백제고분가 335-17 (성현박면),상철김최타운 J동 778호,041-204-4296,coehyeonji@example.org
강정훈,64986,광주광역시 중랑구 역삼가 381,은서서타워 201호,070-5170-7958,gimjinu@example.com
김영식,96809,세종특별자치시 도봉구 가락가 740,도현허마을 V동 477호,054-560-4186,jeonghunyang@example.com
김순옥,72759,서울특별시 종로구 영동대가 370-23,정숙이마을,064-760-1800,siugim@example.com
이성호,14080,부산광역시 강남구 백제고분715길 332,현지최타워 652호,043-721-5560,phwang@example.com
송민준,73762,인천광역시 영등포구 삼성로 지하309 (정식조한동),정순이박연립 A동 735호,070-4219-7993,caeweongang@example.net
강지현,34672,경기도 공주시 도산대로 345-53,명자김타워 C동 518호,051-823-8072,jihyegim@example.org
김민수,50845,경상남도 인제군 테헤란거리 620,재현박아파트,070-2877-9635,yungyeongsu@example.org
윤현정,88749,경상북도 수원시 장안구 삼성13가 682-93,순자김아파트 G동 400호,016-640-7299,iyeonggil@example.com
최미정,20979,광주광역시 중랑구 역삼296길 309 (미정이동),정식류김타워,062-481-2782,seoyun91@example.net
김준혁,58161,전라남도 광주시 양재천로 496 (서윤김이리),경수나아파트,033-437-6423,yejingang@example.net
김민서,60925,전라남도 안양시 만안구 개포43거리 618,영호김황마을 647호,011-700-9879,gangjuweon@example.com
박지현,48254,세종특별자치시 성동구 가락로 153,미영김타워 H동 055호,052-492-9058,khan@example.org
김시우,59823,인천광역시 송파구 삼성로 503,정자김김연립 W동 293호,061-913-0149,juweonbag@example.com
한지우,11279,경기도 성남시 수정구 학동536길 523,은서강빌라 L동 828호,042-598-4190,sugja91@example.org
최미정,13472,서울특별시 서구 오금길 670-54,영자최마을,02-2711-4605,junseosong@example.com
나영철,53924,제주특별자치도 논산시 양재천거리 702 (영길김리),준영조연립,041-500-9938,gujeongsun@example.com
최지원,08909,대구광역시 동구 언주0로 768-56 (주원김이리),병철정이타워 605호,011-590-2467,iyeweon@example.com
안성현,64311,인천광역시 광진구 잠실로 490-55,지은윤손마을 L동 136호,064-787-7049,bi@example.com
임지우,14593,전라남도 서산시 강남대807거리 830-67 (종수김읍),지현김타워,032-842-1403,ggo@example.org
박시우,13998,인천광역시 관악구 서초대길 685,정웅심하마을 A동 622호,016-581-6704,hanseongho@example.org
이도윤,04196,경기도 성남시 양재천가 801 (상철김유마을),종수이허마을 V동 827호,052-909-2614,isiu@example.net
김민서,48708,충청남도 용인시 압구정074로 지하832 (지원이박마을),현준김타운 249호,033-648-9904,jeonggwangsu@example.com
이현준,49420,서울특별시 서초구 개포길 741-96,준혁권마을 905호,044-018-6828,hwangyujin@example.com
김민수,80533,경상북도 수원시 잠실165길 66 (유진권동),재호류아파트 731호,053-923-0710,dbag@example.net
이서연,51959,대전광역시 성북구 논현가 180-22,은지장허타운 C동 192호,053-467-8325,yejin66@example.org
고민지,53961,강원도 춘천시 삼성12로 126 (예원김동),지은이조타운 H동 494호,041-253-6330,junseobag@example.net
김영미,80162,광주광역시 강북구 역삼로 212 (은지장마을),선영조타워 895호,019-485-3893,ugang@example.org
김민석,77969,경상북도 광주시 논현거리 493,숙자임빌라 066호,011-210-3490,ijimin@example.net
김도윤,93297,광주광역시 서대문구 영동대거리 233 (영길이한리),정숙이아파트,043-455-9029,yeongil51@example.net
고은주,69063,부산광역시 노원구 역삼로 426 (옥순이면),예은윤연립 983호,011-697-0715,jeonghun43@example.net
김아름,15510,세종특별자치시 동작구 봉은사가 지하207,승민김이빌라,017-644-9608,hongjia@example.org
이선영,86577,광주광역시 중구 봉은사78거리 374-88,영수오한빌라 274호,011-615-6600,gimseungmin@example.net
이지우,25506,부산광역시 강서구 석촌호수거리 508,성민박김타운,031-842-1841,tan@example.com
이정희,85524,서울특별시 성북구 언주00거리 36-26 (예진하김읍),예준최김타운,032-677-5845,vi@example.com
이민서,06248,경상남도 청주시 서원구 역삼거리 24,종수엄한타워 가동 892호,017-463-6734,zbag@example.com
강민석,88853,대전광역시 강서구 양재천길 709-20 (영숙김권마을),서연박이마을 나동 346호,019-060-1300,jinhyeonu@example.net
김은주,25844,대구광역시 관악구 학동거리 620,현준박빌라 359호,019-129-1356,eyang@example.net
안순자,85494,인천광역시 중구 압구정가 154,예준이김빌라 Z동 683호,044-929-9589,seoyeong35@example.org
강광수,45924,울산광역시 강남구 학동길 282-57,윤서장황연립 나동 970호,041-070-0799,ggim@example.com
박서영,99743,부산광역시 은평구 반포대가 289-92 (상현이이읍),미정홍김마을,041-651-6796,gimbyeongceol@example.net
장준호,06312,대전광역시 영등포구 학동246길 703-70,민수박빌라 153호,02-8746-2764,doyunan@example.org
김미경,71939,경상남도 용인시 기흥구 반포대로 776,예지박아파트,043-554-9768,gimujin@example.com
김영미,95337,울산광역시 광진구 테헤란7가 618,지혜송빌라,042-911-1939,gimjimin@example.com
박예지,17870,대전광역시 종로구 압구정4로 83 (지원최동),성수이마을 025호,031-526-7891,han@example.com
안현주,90111,광주광역시 중구 학동9길 807-70 (지영고읍),영길한윤타운,061-580-6112,seungmin55@example.org
구영호,42553,경상남도 안양시 동안구 언주9길 966,순옥김이타운 P동 229호,016-828-9050,gryu@example.org
이채원,68184,경기도 평택시 양재천로 458-7 (숙자조박읍),경수장아파트 620호,016-726-3989,yeonggil69@example.com
유혜진,75556,대구광역시 마포구 테헤란가 지하554,영길김빌라 P동 804호,031-470-0204,ajeon@example.net
김성민,58225,대전광역시 중구 선릉로 670,서현김마을,063-773-9995,gwagyeeun@example.net
박서윤,05529,제주특별자치도 평창군 잠실6로 787-63 (동현문김동),정웅최이아파트 W동 351호,052-494-4776,yeongsugjin@example.com
김성호,84655,부산광역시 금천구 도산대34로 521,영일조아파트,016-145-7283,yeongjinbag@example.org
김준혁,23455,대구광역시 용산구 삼성로 982-86 (명자문마을),상호임안마을 888호,041-333-7835,seonghogim@example.com
최지훈,58989,세종특별자치시 동구 봉은사7로 204 (민재곽이읍),예지김타운 568호,031-264-5274,gyeongsug35@example.org
이은주,26436,충청북도 부여군 석촌호수330길 913,현지류연립,062-359-0418,seoyeon18@example.net
서승민,99465,인천광역시 강북구 석촌호수977거리 719-36 (영순류박면),지민송아파트 G동 516호,018-582-7921,gimogsun@example.net
박지연,89631,경상북도 양양군 양재천로 683 (지아이동),지연김타운 F동 240호,042-334-1979,seungmin43@example.org
이지연,67715,경상남도 공주시 양재천8가 104-30 (성수김마을),아름이이아파트 X동 702호,064-779-9821,yeongjin00@example.com
서정웅,11476,전라남도 용인시 수지구 서초대로 635,현주김최타운 D동 443호,016-601-0141,yeonghwan67@example.org
김성훈,04593,충청북도 영동군 논현011길 289,은영이빌라,055-596-2977,yeonghogim@example.com
남지후,13432,인천광역시 서초구 석촌호수가 614-29,정식김빌라 K동 212호,054-668-2264,ogjagweon@example.net
박동현,49376,대전광역시 금천구 잠실880로 지하382,성훈김아파트 Z동 755호,041-574-4695,sugja27@example.net
강은영,71539,전라남도 태안군 봉은사5거리 794 (영희고박읍),서윤김송타운 B동 632호,011-254-6100,tyang@example.net
지우진,88219,대구광역시 북구 봉은사34길 557-2,정훈김문연립 818호,052-851-9570,jeongunggim@example.org
이도현,38792,경기도 고양시 일산동구 강남대로 720,보람장이빌라 752호,041-427-0856,sanghyeongim@example.net
장광수,30163,대구광역시 강북구 논현길 767,민서최이아파트 834호,010-7111-8686,yeongsigi@example.net
김진우,13810,부산광역시 성북구 석촌호수339거리 712-75,성진이박타운,016-701-5319,ocoe@example.org
김상훈,83781,전라북도 수원시 잠실5로 584-1 (진우김동),지연조빌라 521호,011-128-6962,lbag@example.com
김보람,60290,강원도 안성시 잠실59거리 568,준혁손타워,062-916-3595,ymin@example.com
황영일,81262,전라남도 의왕시 백제고분거리 70,영일오이마을 601호,02-4215-3880,yeongsiggim@example.org
이우진,83073,대전광역시 남구 양재천167가 990,성훈김이아파트,070-9908-5007,ijiu@example.net
이지은,16549,경상북도 계룡시 잠실16가 459 (정웅장면),정수양타워 라동 642호,011-227-4670,fgim@example.net
김영미,86240,강원도 양구군 선릉92거리 746,미정김빌라 O동 254호,054-799-5810,gyun@example.com
이현우,65943,대전광역시 양천구 삼성5길 993-55 (민준지읍),윤서김김타운,051-518-8906,sgim@example.com
심수빈,37153,대구광역시 마포구 논현940로 392,정훈김빌라,041-609-2267,jaehyeongim@example.org
김성호,02333,경상북도 김포시 개포5거리 지하257 (영호나리),상훈이박타운 892호,052-311-1299,ei@example.org
윤영자,99713,경기도 성남시 수정구 도산대가 207,수빈김김마을,070-9735-3924,pcoe@example.org
김은주,32348,서울특별시 광진구 테헤란214가 291,도현임빌라 501호,032-280-3237,zi@example.com
강민준,42690,대전광역시 양천구 삼성길 397 (지혜박김마을),영희김타운 라동 185호,062-931-6802,jeongsuu@example.com
차지은,06580,대전광역시 강남구 양재천05길 15,민재김빌라 112호,052-143-7841,bo@example.com
김정남,22441,광주광역시 중구 오금가 142-64 (보람김강면),현정강손빌라 G동 831호,053-975-9044,munyeongsig@example.com
지영환,66203,인천광역시 중구 언주로 23,서연윤박빌라 179호,042-488-8352,hyeonjunjang@example.org
정춘자,16459,세종특별자치시 강남구 압구정가 383,하윤이박타워 840호,017-160-4509,sangceoli@example.org
김정숙,11100,경상남도 진천군 역삼거리 142 (지현장이동),재현남장연립 278호,010-4897-9303,hyeonsug64@example.net
이지아,92525,서울특별시 광진구 학동011로 533 (영수이읍),건우이타워,043-785-5418,jihyegim@example.com
박정식,86411,인천광역시 중랑구 서초중앙5거리 55-20 (성수오동),예은강안아파트 560호,061-248-9981,bhong@example.org
장정희,49567,경상북도 안양시 동안구 강남대24가 576,정호권한연립 048호,053-876-1450,jgim@example.net
이성현,37605,충청남도 공주시 서초중앙7가 26,정자김박타운,032-518-2161,vgim@example.com
이상훈,98169,광주광역시 광진구 봉은사69가 16-89,상현한연립,044-050-3172,gimyeongja@example.org
김정훈,63249,경상북도 청주시 서원구 오금61로 563-85 (상현윤면),현지김이타운,062-231-7101,eunjijo@example.com
이정희,69508,대구광역시 영등포구 압구정로 172,선영윤빌라,051-399-4482,hbag@example.org
서민지,18906,충청북도 연천군 석촌호수가 지하610,지혜이마을 E동 886호,052-928-9901,ijeongnam@example.org
정은서,01935,전라북도 양평군 영동대가 184,지은이이타워 039호,054-399-9364,ijia@example.org
박은경,56841,강원도 부여군 학동로 860,경숙김김마을 마동 860호,018-373-4750,nsong@example.com
김정수,34033,대전광역시 용산구 양재천602로 지하90 (민수엄이마을),지영박연립 B동 331호,052-122-0253,ogsun84@example.com
최순옥,47055,전라남도 삼척시 반포대7가 276,현숙박타운 701호,019-956-8873,seonghogang@example.org
박지아,18564,서울특별시 성동구 도산대925가 477-37,재현양타운 R동 753호,063-675-9830,gimsanghyeon@example.org
안성진,12013,부산광역시 북구 백제고분1가 147,정숙강타워,054-372-3657,hyeonjigim@example.net
오은경,16973,인천광역시 동작구 도산대0길 922 (지영윤최읍),지훈김마을,02-0546-1506,jeongho28@example.org
류민지,81219,충청남도 성남시 수정구 역삼68로 477-47 (광수서리),상호김김마을 R동 936호,033-115-5331,ijiyeong@example.net
박성호,23280,경기도 성남시 수정구 선릉13길 지하988,지현김연립 O동 361호,017-423-6792,yeonggilson@example.com
서숙자,27264,경상남도 음성군 역삼길 18-91,서현황마을 620호,051-718-5494,minji25@example.com
성진우,64757,인천광역시 동작구 학동8로 181-42 (지민서면),수민김타워 라동 676호,053-746-4734,minmyeongsug@example.com
양은영,68836,대전광역시 중구 학동거리 464,채원이김빌라 C동 880호,044-537-3241,minseogcoe@example.net
권윤서,05744,대구광역시 노원구 삼성로 351 (경수박장면),정숙류연립 239호,054-326-3305,qseo@example.com
정영길,96436,인천광역시 종로구 도산대거리 112 (지아김읍),명자서타운 197호,053-041-1794,minseogyun@example.org
이정숙,62043,대전광역시 서초구 영동대0길 46-98,상철김아파트,016-455-2940,ihyeonji@example.net
윤성진,36239,경상남도 수원시 권선구 잠실04거리 896-94,옥자이양타운,010-7899-4237,zgim@example.com
강영호,30231,경상북도 부천시 오정구 백제고분430길 283,상훈윤빌라 469호,018-905-8260,seongjin73@example.net
김민서,66804,광주광역시 성북구 가락57길 217-18 (영순최이마을),은영김이빌라 R동 663호,032-364-0380,jiyeong70@example.com
김영진,78817,광주광역시 동구 양재천가 42-98 (옥순이강리),준혁박김연립 Z동 815호,070-7747-5914,gyeongsu31@example.org
서재호,27727,충청북도 안산시 단원구 오금243로 337 (서연이동),은정민심타워 나동 431호,051-100-9356,eunjuhan@example.org
김정호,29923,강원도 진천군 개포거리 178-70 (성민안김리),숙자김연립 T동 612호,070-0816-2203,ugim@example.org
이민수,56449,인천광역시 서대문구 강남대거리 177-1 (성진박리),지혜홍이타워 857호,02-2243-8380,yeonghyimun@example.net
박정남,13071,전라남도 수원시 영통구 논현길 776,정웅황연립 929호,043-487-9143,ui@example.org
최현준,28086,부산광역시 구로구 오금길 346-16 (현정권장읍),순자배아파트 I동 574호,043-962-0733,xjang@example.net
곽성민,43941,전라북도 성남시 분당구 도산대77가 38 (은서최이면),성현김김마을,033-390-1615,bgim@example.org
손유진,26684,광주광역시 강서구 서초대3거리 744-18 (성호남동),서영권연립 826호,062-175-6080,songminji@example.org
김승민,44149,부산광역시 동작구 서초대592로 208 (정웅이홍리),상호조권타운 707호,061-001-8104,subinryu@example.com
강서준,13957,세종특별자치시 동대문구 가락로 622 (옥자김리),보람김최빌라,033-397-4184,oseongjin@example.com
서우진,25285,충청북도 춘천시 강남대8로 415,정순남우타워 528호,033-328-5815,eunjeong65@example.net
장수진,66413,광주광역시 양천구 강남대752로 345-55 (지민우마을),지은김최타워 610호,053-013-5795,sugjahan@example.net
이영자,09432,경상북도 충주시 석촌호수가 6,은경이연립,070-3851-3993,ci@example.org
김광수,25100,광주광역시 남구 압구정가 619 (영호이마을),지혜문마을,031-296-9989,gimujin@example.org
김정수,34346,부산광역시 광진구 논현796거리 653 (예준황동),정수김아파트 583호,062-041-1425,isujin@example.com
전정희,12355,부산광역시 관악구 오금8가 135-7 (광수이김리),영희한빌라,051-681-2550,ni@example.com
배지영,09770,인천광역시 강서구 도산대691거리 718 (정순양리),영환강타워 815호,032-171-4526,miyeong51@example.net
김건우,52467,제주특별자치도 양양군 강남대로 672-46,준혁김홍타워 C동 724호,070-6800-9542,ogo@example.org
홍준혁,96458,전라남도 괴산군 백제고분509거리 449-13,미영한한아파트 331호,02-5320-4304,seunghyeon79@example.net
이순자,78194,대구광역시 금천구 선릉2길 557 (윤서백읍),수빈조타워 853호,033-094-4461,coeseonghun@example.com
김숙자,41529,경상남도 안산시 오금31거리 97-70,시우송빌라 897호,018-732-9859,di@example.com
최현우,36018,대구광역시 노원구 역삼166가 326 (명숙서동),수민이김연립 R동 252호,02-6050-9058,yeongjajo@example.net
이지현,01676,충청남도 음성군 영동대가 지하290,보람김빌라 406호,02-6555-4711,seunghyeon09@example.net
이은정,20969,제주특별자치도 오산시 압구정가 515 (예은이리),정순김김빌라 559호,010-2135-9032,hyeonsug81@example.net
김영자,16733,인천광역시 동구 잠실가 123,지연이마을,055-960-0015,ogja18@example.com
전종수,55223,부산광역시 북구 테헤란17가 지하694,지은박안마을 M동 512호,010-1311-8199,jangjeongsu@example.com
이현주,49305,충청북도 증평군 양재천62로 557,건우류한연립,062-845-4118,bagyeongsig@example.com
김영희,10834,충청북도 파주시 선릉80가 927-32 (성현강이리),승현류아파트 F동 723호,017-845-9551,ijungsu@example.org
양시우,39862,광주광역시 구로구 오금406로 661 (혜진김읍),성호윤마을 P동 808호,061-170-8109,junhyeog59@example.org
안건우,91855,강원도 인제군 도산대1가 941-25 (정순김지마을),현지이타운 194호,010-2946-1880,ojiu@example.net
신현지,87004,인천광역시 용산구 삼성가 629,준호김마을 738호,051-005-6712,eunjeongryu@example.org
문성민,67176,인천광역시 서초구 강남대가 824,정희성타워 L동 523호,018-631-2740,yeongsigi@example.com
송성수,12306,인천광역시 강동구 서초대가 795,예은심이연립,032-335-0289,iseungmin@example.org
김지현,01712,전라북도 영월군 양재천1가 295,민서김타워,011-420-2365,ji@example.com
안혜진,40482,충청남도 성남시 테헤란거리 지하610,종수이빌라 867호,032-495-2036,yeongsun47@example.net
고지연,74001,충청남도 영동군 테헤란81로 790-31,영자최타워 마동 914호,017-412-7290,ijunseo@example.com
손주원,41966,충청북도 가평군 석촌호수로 591-34 (서현권리),진우이성마을 D동 136호,02-8250-8785,seoyeon51@example.net
이승민,02647,세종특별자치시 중랑구 논현가 890-35 (서현한면),명숙김정연립 Y동 157호,070-1593-4736,jiagang@example.org
강민재,87782,전라남도 청양군 백제고분012로 10-38 (수빈김전리),재호김박마을,011-149-3055,ryusunja@example.net
박우진,50721,전라북도 영월군 봉은사6길 144 (영미장김리),현정서김타워 938호,053-132-1899,hyeonji37@example.org
양영호,17320,충청남도 보령시 오금가 277-95 (하윤남최동),정훈김박타워,070-2425-3180,seongjunho@example.net
이지훈,14713,세종특별자치시 강남구 논현길 800-10,민석이타운,011-415-7442,junyeong08@example.net
김지후,57957,광주광역시 동구 도산대8거리 794 (진호이마을),영호고김아파트 T동 211호,051-605-0195,ijeongja@example.org
한영철,68212,대구광역시 중랑구 테헤란9길 943-52,경수임아파트,041-637-6576,sanghyeongim@example.com
이서현,94210,광주광역시 동대문구 가락길 819 (명자서동),지영서박타운 나동 879호,010-0197-2618,ogang@example.org
김정훈,67323,서울특별시 은평구 봉은사41거리 248-79,정식황민아파트,051-970-7644,bagjeongsig@example.net
구경숙,48100,충청남도 태안군 논현길 360-32,성수홍연립 나동 857호,031-561-1069,seonghyeon06@example.com
박진호,86343,대구광역시 북구 테헤란4거리 45 (서현양홍면),서윤홍타워 308호,070-8032-0952,ui@example.net
김서현,94120,강원도 아산시 학동8길 887-12,영진박빌라 833호,054-203-4616,seunghyeoncoe@example.net
이경수,54083,대전광역시 강북구 양재천28거리 367-51 (순옥심진면),광수이타운 866호,052-549-2718,coeeungyeong@example.org
이예원,14716,세종특별자치시 마포구 논현432거리 851 (서윤황강읍),미영최타운 E동 570호,019-040-2168,phong@example.net
김주원,00751,광주광역시 관악구 삼성06로 424 (아름이안마을),경수윤김아파트 J동 862호,062-776-4720,jeongsun91@example.org
송영일,44466,충청남도 연천군 오금로 60,수빈김김타운 081호,017-917-5294,ngim@example.org
이승민,62611,제주특별자치도 성남시 수정구 논현0길 214,숙자김마을,019-888-6713,junseo30@example.com
김영호,12146,전라북도 의왕시 도산대884길 34-44,민지박빌라 M동 106호,018-917-3063,seoyuncoe@example.com
김재호,08364,강원도 성남시 분당구 학동3길 949 (서영장동),중수이장타운 545호,019-030-5285,ecoe@example.net
장성현,56101,부산광역시 서초구 영동대604가 280-21 (도현박면),경희한타워 E동 215호,053-263-1105,wan@example.com
박선영,31509,충청북도 영동군 도산대길 502-87,재현서김타워 Y동 534호,010-0351-3370,sangho81@example.org
박정훈,37517,충청남도 제천시 오금거리 178,수민김김타워 695호,031-312-7619,yeongjinyun@example.com
김동현,61889,광주광역시 중구 역삼59로 398 (영철오최리),수민송타운,033-907-6016,coejimin@example.org
권은경,93226,세종특별자치시 마포구 영동대72로 44-79,유진백빌라 346호,055-923-8801,ysin@example.com
최종수,86444,광주광역시 강서구 언주63거리 615-38,은지최문마을,031-384-9807,misug22@example.com
김서영,76789,세종특별자치시 금천구 백제고분0가 860,옥자장아파트,064-792-0447,rgu@example.org
이지은,52688,경상북도 포천시 잠실길 342,혜진배타워 W동 396호,043-755-5936,dohyeon74@example.org
김성민,58953,광주광역시 북구 봉은사가 869-78 (하은박읍),정희서송아파트 387호,041-864-4970,jinho64@example.net
심영진,81122,강원도 홍성군 석촌호수길 161 (서영이김면),정훈허타워 907호,062-771-9065,jeongja25@example.org
김윤서,50364,대전광역시 구로구 언주9가 62-74,예은최아파트 라동 329호,054-034-4282,byeongceolgim@example.com
김준혁,91912,광주광역시 서대문구 가락가 537-62 (아름이김마을),영수권타워 588호,064-760-1257,gimhyeonju@example.net
김영식,11908,강원도 용인시 서초중앙로 580,영자배이빌라 41동 829호,063-737-5344,yeongjin01@example.net
이서연,31900,인천광역시 관악구 서초대거리 431,민수최마을 327호,032-765-7939,ki@example.org
이지원,31213,대전광역시 동대문구 압구정가 813-61,재현오안타운,019-177-6191,jieunha@example.com
임성민,53871,경상남도 고양시 덕양구 양재천4로 278-48,성호고이타운,052-227-0232,sanghuni@example.com
최예원,35374,부산광역시 북구 가락83거리 92,하윤안타운 G동 227호,031-796-1232,ri@example.org
김정희,09114,서울특별시 강서구 백제고분824로 746 (성훈이이리),준혁김안아파트,043-388-8757,jihye99@example.net
김정호,29673,경기도 고양시 강남대거리 692,민석이김타워 O동 917호,019-929-8549,gweoneunseo@example.com
홍옥순,94267,충청북도 청주시 흥덕구 석촌호수40가 85-57 (영숙남면),현준배빌라,061-573-6105,wgim@example.com
이민석,79298,경상북도 수원시 영통구 가락가 지하790,시우김김타워,051-411-0351,ihong@example.org
엄은정,51990,광주광역시 북구 개포4가 148,광수안연립 313호,064-753-1338,jieuni@example.net
이정남,80831,경기도 수원시 영통구 선릉2길 810,준호백이타운 16동 470호,054-628-3908,gimseonyeong@example.net
김영환,01008,부산광역시 강북구 양재천459가 149,민수이신타워 022호,010-4249-5637,cunja79@example.org
이서준,31995,경기도 강릉시 선릉가 66 (상훈이마을),영희강타운 924호,010-9121-6343,areumi@example.net
조성훈,95473,충청북도 고양시 일산동구 언주08길 526,지영이마을 C동 372호,054-428-4450,hanogja@example.net
김보람,10821,강원도 홍성군 선릉3로 760-7 (수민하면),영일진아파트 S동 708호,052-657-1105,hyeonju90@example.org
최영미,34474,전라북도 안양시 만안구 삼성거리 472-36,영일우연립 276호,017-635-7741,sbag@example.org
강은경,16888,충청남도 구리시 강남대1가 381 (광수박마을),지우최김마을,070-3297-2004,gimyeongsun@example.org
손현주,84719,부산광역시 광진구 석촌호수길 684 (서준장동),은서차연립,062-837-7764,iseongho@example.org
김춘자,55516,충청북도 용인시 기흥구 백제고분500거리 86,지후이빌라 621호,011-302-4717,myeongsuggwag@example.net
김지영,82562,경상남도 천안시 서북구 석촌호수21가 500,지민강연립 G동 053호,017-090-7420,yeongmi46@example.com
박우진,78761,경상북도 가평군 도산대80가 89-25 (현준김동),준서조빌라,042-683-7998,jo@example.org
이상철,42658,대전광역시 강남구 개포길 958-64 (우진송이동),지후송손타워 X동 319호,032-567-5544,sumini@example.com
박경수,08645,충청남도 안성시 영동대2거리 8-6,명자이김아파트,011-554-6071,jan@example.com
성춘자,84533,세종특별자치시 강서구 오금502가 92-38,상훈최배마을,032-876-5042,eunjujin@example.net
이지은,88351,강원도 철원군 오금96가 90 (중수안읍),영일오김연립,055-518-9543,gimdonghyeon@example.com
장도현,87158,대전광역시 성동구 양재천길 475-85 (종수손동),성진우연립 612호,011-149-7331,bagjeongnam@example.org
김종수,44814,경기도 청주시 흥덕구 압구정795길 989-25 (은정이김마을),명자김김마을 055호,02-5527-8378,pgim@example.org
김현지,38797,경기도 고성군 양재천길 856,민재박빌라,051-062-5388,fgim@example.org
박정식,00587,경상남도 고양시 일산동구 잠실로 502-21,경숙서박타워,051-276-5808,yeonghyii@example.org
김예지,03339,전라남도 포천시 강남대72거리 지하364,재호김오아파트,064-704-4023,ycoe@example.com
류지은,16978,광주광역시 은평구 반포대2길 391-34 (채원장이리),미영한빌라 848호,016-873-0852,minjun27@example.net
김영자,46795,서울특별시 용산구 테헤란로 지하132 (영순최리),성호안아파트 B동 888호,044-873-6128,gyeongsug32@example.com
김지후,54145,세종특별자치시 서대문구 개포9가 851 (정남이읍),지원김아파트 327호,031-895-4414,hhan@example.com
김우진,28894,전라북도 평창군 역삼242로 지하142,은영곽타워 454호,02-8454-3038,donghyeongim@example.com
박준혁,98882,부산광역시 서초구 양재천거리 645-44,하윤김타워,042-914-2743,areum16@example.com
문성호,35317,광주광역시 종로구 선릉696거리 912,은서김박연립,051-822-0487,baejuweon@example.com
나지우,64483,광주광역시 강북구 가락거리 451 (준서김한마을),영일송연립,019-073-4150,mjang@example.org
최정수,50539,경기도 인제군 오금거리 562-68 (건우강박읍),현준한오마을,031-082-0490,eomminjae@example.net
이중수,61342,대전광역시 종로구 석촌호수3로 115 (정웅박장읍),지원윤김마을,051-856-7450,qgim@example.net
이도윤,32664,경기도 단양군 도산대679가 94-22 (정훈진읍),상현윤타워 284호,061-696-5061,coeyeongsun@example.org
이동현,24813,전라북도 연천군 가락28거리 828,지아조김타운 S동 456호,062-996-5644,yejii@example.com
김명자,68799,전라북도 부천시 소사구 학동1로 344 (은서이최마을),주원이최빌라 C동 919호,064-763-0024,hyeonjigim@example.com
김영식,95116,충청남도 청주시 청원구 도산대19가 565,경자문백마을 U동 932호,033-930-8215,jeonghocoe@example.org
김영숙,58402,세종특별자치시 동작구 역삼길 100-87 (정훈김마을),정웅박타워,041-792-1281,junho28@example.org
김승민,56410,대전광역시 성동구 선릉길 975 (상호최면),순자박김마을 X동 855호,070-0927-7579,boram84@example.net
권정순,71917,광주광역시 관악구 학동거리 586,영진최마을 U동 776호,041-348-9440,anogsun@example.org
최은정,13630,제주특별자치도 하남시 논현90로 303-7,민수김이타워,053-047-8009,seoyun03@example.org
김하윤,63342,광주광역시 송파구 논현가 742,순자오아파트 A동 093호,070-6793-6670,mingyeongsug@example.com
최정웅,37006,강원도 정선군 서초중앙92거리 815 (윤서김동),영호장연립 Y동 762호,033-439-5583,seoeunji@example.org
김성진,93232,충청남도 고양시 일산서구 언주375거리 546 (옥자김김동),명자이마을 755호,016-546-2376,jungsu28@example.org
박정수,83359,충청북도 춘천시 석촌호수길 319-85 (유진김김마을),진우김심아파트 I동 017호,055-797-8363,sunog72@example.com
장지우,75935,대구광역시 은평구 가락거리 853-26 (지원최마을),영숙김최마을 S동 006호,033-133-2013,yunareum@example.com
이미영,94023,대구광역시 관악구 학동거리 90 (하은박이면),지후박빌라 X동 869호,070-2235-8745,ei@example.com
이선영,83473,울산광역시 중랑구 서초중앙2거리 510-23 (민지김김읍),승민오타운 Z동 680호,070-6438-6261,subin06@example.net
김영식,12149,충청북도 안양시 만안구 석촌호수로 9-11 (우진김송면),은영엄마을 W동 926호,055-015-8294,areum82@example.com
황준혁,34546,전라북도 예산군 서초대가 247 (병철최남리),영진송아파트 099호,041-526-4162,pi@example.com
최주원,31426,세종특별자치시 금천구 도산대6로 28-15,서영황김타운,031-444-6998,minji15@example.org
홍정호,39069,강원도 증평군 잠실87가 379-49 (미정최한리),서영이아파트 R동 984호,043-292-1207,hyeonsuggim@example.org
배하은,79372,전라남도 보령시 언주거리 453-96,성진김오빌라 701호,053-464-5097,gimhyejin@example.org
이건우,28373,충청남도 포천시 개포87로 403 (동현윤김동),영진한박타운,044-534-6778,siui@example.net
최영자,68832,전라북도 태백시 강남대497거리 823 (미숙장성리),은지진연립 A동 874호,019-932-8659,yeweon54@example.com
김영식,10652,광주광역시 양천구 논현822가 767 (정숙김동),아름송강마을,043-177-2859,myeongsugsong@example.com
손시우,51648,경상북도 충주시 압구정560로 420,은영박임타운 M동 812호,011-928-2456,ai@example.net
이성현,11325,세종특별자치시 영등포구 압구정8로 306,하윤김타운 895호,054-820-9399,ogim@example.net
구영수,55249,전라남도 논산시 역삼55길 360-96 (서현최이면),수민박타운 475호,061-562-7146,eunji93@example.com
박종수,05099,전라북도 청양군 봉은사6로 680,유진오김타워 가동 534호,043-693-3085,doyun89@example.com
박현지,30332,인천광역시 서구 영동대099길 299 (영진양마을),현정배최아파트,064-754-9660,mcoe@example.com
이주원,53747,전라북도 의정부시 잠실가 267,지우이마을,043-484-1924,myeongsug70@example.net
이미영,56114,충청북도 논산시 석촌호수1길 773-27,수진김아파트,031-071-2950,eunjuryu@example.com
황재호,84738,울산광역시 성북구 백제고분2길 825-58,영수백아파트,032-223-9051,wgim@example.com
고서영,79997,대구광역시 양천구 논현길 551 (서준이읍),준서서김빌라,043-373-1793,lhwang@example.com
이혜진,61233,충청남도 보령시 백제고분25거리 194-78 (영일한동),정남김아파트 U동 983호,062-757-8305,yeongjagim@example.com
이은영,12599,충청남도 시흥시 양재천79로 지하834,영자김연립,054-333-1424,jungsu44@example.com
김미영,09159,전라남도 고양시 일산동구 개포거리 567,지훈남마을 122호,010-4669-7924,yeonghwanseong@example.net
최지아,10509,대전광역시 동작구 석촌호수59로 487-77 (아름이이마을),은경전마을 바동 635호,016-805-6003,qbag@example.net
김지원,99235,전라남도 이천시 오금길 734,영미송김타워 628호,070-3147-0407,hwangcunja@example.net
배민수,39731,경기도 오산시 봉은사751가 144 (건우양마을),하윤황빌라,051-177-6852,seongsuji@example.net
이지훈,77993,대구광역시 양천구 잠실604거리 지하795,미영이강아파트 Z동 848호,033-693-0437,jungsugim@example.net
이성민,56084,인천광역시 서대문구 압구정891로 197,준호권이타워 M동 081호,063-123-5278,ojeonghyi@example.org
이상호,77653,부산광역시 마포구 영동대가 272-96 (서준이박동),정훈이연립 768호,055-086-6499,ngim@example.com
이현지,20814,경기도 이천시 테헤란0거리 지하884 (성민박읍),옥순이연립,051-777-5541,gyeongjacoe@example.net
김경희,45132,세종특별자치시 중구 테헤란가 535 (정순서박동),영순임이연립,031-453-9331,seoyeong72@example.net
안정숙,85935,부산광역시 금천구 삼성218거리 169 (은지김마을),현숙박이빌라,031-005-9966,sanghocoe@example.org
김영진,31672,제주특별자치도 서산시 오금6가 452,정웅장타운 597호,017-078-4481,yeongsug15@example.org
이정자,90265,인천광역시 금천구 서초대길 591,은지김조아파트,017-782-1741,ihyeonjeong@example.net
우춘자,20685,전라북도 이천시 압구정로 140-13 (진우류배읍),명자양빌라 465호,062-455-6221,qcoe@example.org
김서현,18941,충청북도 수원시 오금가 254,진호김남빌라 다동 378호,019-813-4026,kbaeg@example.net
이정훈,92007,인천광역시 성북구 봉은사가 930 (진호박류리),서윤손타워,052-440-8120,ijia@example.net
강광수,11661,대전광역시 금천구 서초대거리 지하357,정훈이한타운 629호,032-775-3549,seoyungim@example.net
이수민,15699,전라북도 홍천군 반포대0로 693 (광수박윤읍),준영임이타워 Q동 288호,019-418-2213,gimjinu@example.net
김성현,93072,서울특별시 동작구 삼성214가 646,영길유최마을 748호,044-134-7327,igim@example.net
민미경,74512,전라남도 부천시 오정구 개포거리 142-23 (은지한읍),경자배최타워,064-710-5734,dhong@example.org
최동현,97940,울산광역시 은평구 도산대가 129-58 (성호이정면),옥자이타운 I동 960호,011-525-8525,tsim@example.net
김진우,55359,대전광역시 은평구 잠실9가 7,서연김홍마을 559호,017-550-1576,jihugweon@example.com
유지민,96289,제주특별자치도 의정부시 논현862거리 지하598 (은주최마을),진우김아파트,054-217-4952,gbag@example.net
한은서,70449,서울특별시 서초구 서초대가 111 (정수박박동),성진박김아파트 605호,044-408-6968,yyun@example.com
박상호,12772,경기도 파주시 서초중앙길 511-53 (진우이리),재현이송타운 U동 994호,016-332-3807,zgim@example.net
한현주,21179,부산광역시 관악구 석촌호수거리 755-57 (은정류동),상철김이타워 686호,052-035-8114,bagseongho@example.org
민미영,00730,전라남도 예산군 테헤란거리 996 (영희황허읍),재현김노타운,061-292-8844,hajeongsu@example.com
박은영,52361,부산광역시 동대문구 학동17거리 431,미경엄빌라 678호,054-761-4692,hyeonjuo@example.com
배현주,31478,대전광역시 영등포구 서초중앙로 지하148,영미김박타운 N동 497호,041-529-6557,hyeonjun86@example.com
황미정,69624,경상남도 안성시 양재천58가 79-7,미숙권남빌라,033-547-2517,sanghunryu@example.com
김미영,78536,서울특별시 광진구 반포대458길 774-13 (영길김박면),현우김타워,063-245-2696,gyeongsugim@example.net
박영호,51271,대구광역시 동대문구 잠실36로 469,동현박오빌라 997호,051-398-0279,oi@example.org
신성진,23041,울산광역시 동대문구 잠실로 956 (옥순정마을),영일김마을 100호,033-566-3691,obag@example.net
이성수,98570,전라북도 충주시 압구정길 210,경숙김타워 076호,043-123-2420,iyeongmi@example.com
남승민,37841,제주특별자치도 여주시 학동가 36-99 (정숙이마을),하윤박우타운 X동 172호,041-540-5991,junhogang@example.org
김영희,38750,제주특별자치도 안산시 단원구 삼성길 336-97,영숙고빌라,070-6256-3088,doyungim@example.org
최영호,78079,경상남도 성남시 역삼36거리 957,승현박타워 844동 691호,070-9198-9150,ibae@example.com
박주원,99505,서울특별시 용산구 백제고분4거리 297 (승민김마을),민재남김아파트 다동 504호,054-727-0271,sugjai@example.com
김영순,15995,경기도 횡성군 잠실거리 188-54 (경희김김마을),준영김빌라 R동 827호,055-910-9959,gimogja@example.org
이도현,75109,대전광역시 양천구 논현798거리 502 (현우오마을),현주권타운 631호,052-885-2577,seongmingim@example.net
김정수,90298,서울특별시 구로구 삼성258길 197,상철김연립 179호,064-762-1074,hyeonu14@example.org
최명자,43131,충청북도 양평군 논현738로 514-18 (은경김읍),정식배서연립 297호,054-568-7122,jiuson@example.com
이영진,67252,부산광역시 은평구 잠실80길 661-73,지은박박연립,062-647-7514,hyeonji23@example.net
김정수,67516,충청남도 의정부시 영동대028거리 469,지훈안강빌라 761호,02-9557-1898,jeongsuncoe@example.org
김영자,95281,전라북도 청주시 흥덕구 서초중앙18거리 340-95,우진고아파트 W동 793호,042-676-2470,hyeonucoe@example.net
최상훈,09375,서울특별시 은평구 잠실길 11 (미경권이리),우진장박연립,053-029-2497,yeongja87@example.com
오도윤,35251,대전광역시 도봉구 강남대55가 283-81,수진김이연립 998호,017-139-0677,hyeonui@example.com
김지원,04840,인천광역시 은평구 가락가 914 (종수최동),성민조타운 227동 097호,044-181-8466,yujin70@example.com
박혜진,64252,대구광역시 북구 백제고분길 825 (준혁이읍),성진오백타운 W동 608호,061-186-3100,oi@example.com
윤미영,71725,전라북도 안산시 상록구 도산대길 226 (정남김강읍),현우이이연립 V동 647호,031-648-7835,gyeongsug12@example.net
김혜진,59086,충청남도 고양시 일산서구 가락2거리 712-54 (은영이김면),정호박윤타운 Y동 982호,063-422-4018,ygim@example.net
이경숙,09854,대전광역시 중구 개포482길 499,아름주마을 J동 341호,053-253-5810,hyeonjucoe@example.org
윤상철,72581,충청남도 이천시 삼성66길 743,예은이김연립 P동 107호,062-645-0443,jihye63@example.net
송춘자,55132,경기도 시흥시 선릉길 395-20,은정김타워,051-935-7035,seunghyeonan@example.org
이준영,37676,서울특별시 북구 역삼길 535,준서이빌라,041-594-3029,mbag@example.net
고승현,21282,충청북도 수원시 팔달구 테헤란로 664-12,정희김타운 M동 701호,011-057-5139,yeongmibag@example.net
이미정,72939,충청남도 남양주시 서초중앙738길 712,정숙최빌라,052-309-0397,jeongsugim@example.net
이승민,95810,충청남도 용인시 처인구 서초중앙5로 452,승민안타운,010-9979-6230,jihungim@example.com
이정남,10667,부산광역시 동대문구 잠실765거리 802-55,영진이빌라 L동 693호,017-025-3319,jia82@example.com
김은영,13902,인천광역시 서대문구 역삼8가 지하784 (민수조마을),서현한아파트,043-762-1494,cbag@example.net
김유진,06976,전라남도 홍천군 개포94길 47-17 (영호윤김읍),상훈홍타워 K동 155호,018-746-7448,jojuweon@example.org
엄준영,82020,세종특별자치시 구로구 강남대299거리 606-1,정희김박아파트 005호,031-870-6744,dcoe@example.com
황영식,46650,대구광역시 영등포구 잠실가 지하819,진우이최마을 422호,016-386-6833,junhyeog76@example.net
손동현,36833,울산광역시 금천구 영동대7가 300-13 (민서김김면),상철허타운 B동 192호,052-651-3292,bagminseo@example.net
허정수,54827,강원도 성남시 중원구 압구정거리 820,도현오서타워,019-080-8058,ubag@example.com
안민재,07961,부산광역시 서구 오금117가 743-43,현준김정빌라,043-146-1404,ebag@example.net
김미경,31617,강원도 화성시 학동길 314 (경수김동),정희박타워 C동 754호,011-444-6029,seongjinhan@example.net
김정남,85687,대전광역시 동대문구 서초중앙3길 195 (지연김리),승현박곽타운,051-164-7948,sunja85@example.net
김수민,05594,경상남도 공주시 학동가 818-76 (은경최장동),성현안윤빌라 E동 937호,032-455-3269,misugo@example.net
이윤서,50868,울산광역시 성북구 백제고분로 587 (진호이장리),시우최박아파트 F동 931호,055-109-5253,sgim@example.net
김서준,92432,충청북도 청주시 청원구 압구정148길 424,미경김최타워 라동 805호,055-183-0345,fseo@example.org
김은영,95098,충청북도 금산군 서초대71거리 907,영일박서빌라,016-896-2218,seonyeong46@example.org
이지은,15904,인천광역시 남구 백제고분가 687-20 (현준전한리),진호차류빌라 811호,02-8010-6309,hyeonji73@example.net
주도윤,51568,세종특별자치시 구로구 백제고분86로 595 (성진고김동),은영이연립 G동 813호,061-902-8316,ui@example.net
박성호,11108,서울특별시 동구 역삼길 568,서현김아파트 다동 406호,031-702-0734,seojun80@example.org
최민수,80646,부산광역시 관악구 역삼로 지하453,민서이아파트,02-4079-7087,minseoseo@example.net
오지영,10482,세종특별자치시 북구 압구정8로 721 (준영나리),영길김이아파트 950호,043-916-6445,seoyeong33@example.org
김유진,33771,전라북도 가평군 양재천가 810-18 (현준김성읍),성현남오빌라 L동 617호,054-435-1378,minjun36@example.net
권중수,45200,울산광역시 마포구 테헤란2거리 110,영수김이연립 041호,041-483-2872,zi@example.net
성옥자,30661,전라북도 부천시 소사구 테헤란0로 977,영길이성타운 643호,062-290-8258,wgim@example.com
이지연,08845,대전광역시 강서구 압구정28로 879-23,민석장타워 Q동 139호,032-693-2614,yeonggilson@example.com
이현주,81358,세종특별자치시 북구 역삼6길 388 (은지이동),성진조아파트 044동 469호,041-739-8841,xju@example.org
양명숙,87793,강원도 성남시 논현거리 589-50,진우권타운 나동 709호,042-477-7291,hwangjunyeong@example.com
김옥순,52251,광주광역시 동구 백제고분685거리 574 (준호조읍),옥순이박타운,070-2365-8479,yeji91@example.com
이경희,93634,충청남도 수원시 팔달구 가락31가 686 (순자김최동),지훈김타운 E동 375호,019-299-4498,hwangjeongho@example.org
김현정,76805,강원도 강릉시 잠실7거리 752-39 (옥순손읍),영진안마을,031-214-0293,junhyeogseo@example.org
백지원,39644,강원도 서산시 학동69길 562,영숙구엄빌라 895호,042-477-8356,yeji88@example.net
최현숙,18156,세종특별자치시 은평구 양재천길 944-27 (진호장면),경자김황타워 221호,061-403-2747,hi@example.com
류정호,91659,울산광역시 은평구 서초중앙309거리 184-25 (준혁백최마을),영철손박마을 G동 249호,064-727-8937,vgim@example.net
이수민,38126,서울특별시 강남구 언주86로 624,영미배마을 F동 052호,041-130-5775,minjun59@example.net
이영수,16929,서울특별시 양천구 봉은사거리 104 (정순장최면),현정김타운 361호,055-876-3604,cjo@example.com
황예준,77766,충청북도 의왕시 강남대가 893-11 (은정최마을),춘자배김마을,062-082-5952,jiweon83@example.org
김민수,80551,대구광역시 노원구 잠실26길 249,경자김타운 K동 728호,041-160-6157,heosanghyeon@example.net
전정남,68660,강원도 구리시 언주가 388 (경수이읍),하은장김타워 X동 915호,031-721-1990,oi@example.org
김수민,38150,부산광역시 용산구 테헤란거리 181,유진김김아파트,070-0334-3063,jgim@example.com
김정숙,55289,서울특별시 용산구 선릉647거리 440,순옥김김타운,061-271-5379,yeongsunbag@example.com
이미영,45853,세종특별자치시 노원구 서초중앙거리 539-18,영호양타워,017-919-7504,seunghyeono@example.net
한은서,50562,대전광역시 용산구 반포대로 275-96 (성수최마을),도현장빌라,010-9002-6726,lbag@example.net
유영식,51831,부산광역시 관악구 삼성50가 97-3 (지원장오리),동현배타운,041-824-4567,gimgyeongsu@example.net
황예준,06897,경상북도 구리시 학동7거리 368,예진박곽아파트,017-680-0674,minsugwag@example.com
김상호,05906,서울특별시 서구 오금로 593-15,순옥이이빌라,042-670-5325,ui@example.org
류현우,75401,전라남도 청주시 청원구 오금138길 787 (서영송읍),성훈문타운 803호,063-401-6953,zjang@example.com
김영순,50508,제주특별자치도 양주시 영동대9길 925,진우윤류아파트 T동 834호,063-710-9036,san@example.com
박지우,88295,충청북도 평창군 석촌호수737길 539 (서윤이마을),지훈문김빌라,019-815-4344,seoseongho@example.org
박영순,71669,세종특별자치시 북구 양재천로 169 (경수류이리),미영김김타운,051-603-8781,sonminseo@example.org
김서윤,26682,경기도 안성시 학동가 85-83,춘자송빌라 Z동 563호,031-693-9060,ujingim@example.net
서경자,74280,대전광역시 마포구 영동대가 977 (지후배이면),준영이타운 라동 444호,052-214-9268,sinseongmin@example.com
유영일,49696,강원도 부천시 소사구 학동97거리 466-55 (동현한김마을),은주김빌라 583호,02-5437-5200,ggim@example.net
양현준,47624,충청남도 안산시 상록구 양재천6가 867,은정김빌라 마동 965호,02-0015-6179,yejun73@example.net
류정호,46324,인천광역시 도봉구 압구정07길 42,재현구박타워 142호,061-573-3019,seongmin46@example.com
이경숙,02727,대구광역시 관악구 테헤란로 109,중수나이연립 859호,018-950-2367,junhyeog22@example.org
양성현,85333,서울특별시 강북구 영동대645가 301-85 (춘자오면),은주이타운,063-141-7454,ryusiu@example.net
조영희,90001,대구광역시 관악구 논현751가 지하679,재현권타워,042-329-4839,sjeong@example.com
강정호,41650,충청남도 연천군 테헤란거리 915 (춘자김읍),재호박타워,042-003-1307,jinhocoe@example.com
류유진,70677,세종특별자치시 영등포구 학동26로 147 (민준김이마을),민수최마을,044-121-6710,heosangho@example.net
이진우,46750,울산광역시 동작구 도산대54길 911 (성진이박읍),지현윤아파트 226동 615호,033-463-5337,jiweon54@example.org
문상현,44525,경기도 철원군 석촌호수길 964 (민준김읍),종수이연립,061-223-4068,eunji69@example.com
조은지,20824,울산광역시 노원구 삼성97가 지하509,정남박마을 라동 926호,033-246-5565,ijinho@example.org
오성수,77102,강원도 용인시 처인구 석촌호수973로 404-30 (은지박마을),우진강김마을 V동 760호,031-122-1739,ebag@example.com
박지원,85099,대구광역시 금천구 가락511로 956-95,광수진마을,044-133-8872,geonu95@example.com
김우진,58944,경상북도 영동군 서초대거리 255 (선영나동),지민이마을 478호,051-032-1523,gimminji@example.org
최영호,76726,인천광역시 중랑구 논현98길 49,수진윤김연립 가동 959호,017-081-8874,mo@example.org
장준혁,95352,전라남도 화천군 언주거리 290-7 (진우오최리),영식송마을 H동 821호,033-877-3702,sbag@example.net
오춘자,98330,서울특별시 강서구 서초대3길 지하491 (현준윤손리),순자오빌라 603동 441호,064-788-2328,minseog18@example.org
서지아,80253,대구광역시 구로구 영동대거리 621 (정호권홍마을),지후조이마을,061-545-3768,sunja14@example.net
안서윤,92098,전라남도 양양군 봉은사7로 536-66,성훈김이타워 나동 479호,017-707-7321,seonghunyun@example.com
이서준,64798,인천광역시 강동구 학동0로 346-94 (지현박읍),영길문구빌라 L동 498호,063-733-2618,iseongmin@example.com
김정훈,00630,울산광역시 서구 서초중앙거리 683 (성수김권면),민재이타워 Y동 193호,070-9692-1695,yujin64@example.com
장상훈,92492,대구광역시 도봉구 논현94길 103-97 (현정김이동),영호고이마을,032-616-5106,boram92@example.org
홍경숙,55077,제주특별자치도 양평군 강남대609거리 826-65,도윤서송타워 684호,054-722-0555,hi@example.net
홍상현,94146,경상북도 포천시 반포대거리 806-7 (동현서지동),정식김김타워 G동 963호,062-244-8921,jeonghyi53@example.com
최순자,68544,인천광역시 동구 반포대가 350,은서이박빌라 C동 968호,016-110-9981,gimjiweon@example.org
장보람,60125,인천광역시 도봉구 강남대43거리 400-92 (성호김황동),서준김타워,041-325-7941,hyeonju39@example.net
신영진,32234,경기도 안산시 단원구 석촌호수가 15 (예준황동),아름박고타운,061-309-5466,ogsunryu@example.com
김상호,23590,충청북도 수원시 장안구 삼성가 120-79,지연박박타워 994호,064-741-2149,jeongsuggim@example.net
이은영,36713,전라북도 포천시 강남대320길 966-16 (도윤이면),정자박타워 552호,044-753-0168,jeongung28@example.net
김동현,50300,제주특별자치도 계룡시 역삼길 588-19 (경수한리),민지이연립,054-337-0250,yeongilgim@example.org
민현정,05392,광주광역시 남구 서초대로 811 (수빈한리),서준양하마을 652호,032-371-9599,juweongim@example.org
박재호,86500,전라남도 부천시 오정구 잠실2로 910-46 (상훈이김리),정숙최박타운 R동 023호,032-660-4011,juweongim@example.com
권주원,35661,경상남도 과천시 개포길 839 (영숙김이읍),유진김배마을,031-175-0357,gimjongsu@example.org
지서준,31926,충청북도 수원시 팔달구 봉은사0거리 820-34 (준호송오마을),하은곽나아파트 265호,041-231-4936,gyeongsu72@example.org
최준서,95514,울산광역시 중랑구 서초대로 710,하윤송아파트,052-173-3792,donghyeoncoe@example.org
김지은,32278,경기도 의정부시 백제고분로 349 (윤서김읍),재호박김아파트 라동 817호,042-168-7218,seungmin43@example.com
손진우,14007,전라남도 영월군 압구정로 542-66,경자이권타워,018-934-7739,seongmin66@example.org
장상현,33090,충청남도 예산군 선릉로 545,명자유아파트 D동 233호,042-686-9617,egweon@example.com
한성훈,59111,광주광역시 강남구 압구정8가 317-3,서현이김마을,052-620-1805,seoyeoneom@example.org
장우진,53537,충청북도 안산시 석촌호수1길 894,은경최김타워,016-958-1675,zi@example.org
서지우,74420,경상남도 예산군 도산대로 252 (민서박리),서윤이아파트,043-419-3455,jeongnam68@example.net
권주원,59323,제주특별자치도 수원시 영통구 도산대439로 339-19 (순옥송마을),영일장연립 P동 933호,042-403-6599,jihu12@example.net
최정남,96747,대전광역시 서초구 역삼거리 862 (진우홍동),하윤김타운,052-947-6771,ko@example.com
김지영,26993,전라북도 연천군 강남대013길 258,영진김연립 나동 333호,070-9675-0306,ojunho@example.com
오정숙,13971,부산광역시 양천구 언주거리 92-64 (정순손이면),영숙한마을,016-813-3402,lgim@example.net
강지영,89355,전라남도 공주시 봉은사07거리 486-58 (은지이동),은경류조연립,033-779-2889,ijiu@example.org
장서영,96900,광주광역시 관악구 백제고분22가 906-57,준서김박빌라 Z동 322호,063-437-0673,seosunja@example.org
이민석,57884,대구광역시 동작구 석촌호수95거리 927-61,진우장김타워 158호,02-9907-6843,wbag@example.org
김예진,60835,제주특별자치도 성남시 개포259거리 228,민재김타운,031-521-4555,gimseoyeon@example.org
송서준,32040,전라남도 부천시 오정구 개포19길 752 (지민최리),미경류빌라 마동 869호,062-170-6274,jojunhyeog@example.org
박미숙,63146,세종특별자치시 동대문구 영동대0길 571 (수빈주박리),옥순한타워 783호,016-557-1607,isanghun@example.com
이준서,24990,경상북도 연천군 학동거리 819-95,영환이안아파트 Q동 631호,043-414-2923,bagseonghyeon@example.net
박성현,66179,세종특별자치시 동작구 테헤란가 976,영수남아파트 383호,043-542-5204,pi@example.org
이현정,19187,세종특별자치시 종로구 학동거리 295-61 (영길이면),영수김이타워 H동 502호,055-001-6453,jihyeonhong@example.net
박은서,09461,전라북도 부천시 소사구 도산대892가 지하694 (재호윤면),숙자김최아파트,043-639-1582,hyeonubag@example.org
임재현,47577,전라남도 진천군 가락가 912,유진최마을 734호,055-896-2268,jeongnam60@example.org
김옥순,83458,제주특별자치도 김포시 서초대거리 152 (예원이마을),영미최송빌라,052-798-5842,wseo@example.net
이민준,33054,경상북도 음성군 오금8가 554-73 (지훈최동),종수박김빌라 O동 885호,011-491-5845,gimyeongsu@example.com
이영일,00247,제주특별자치도 안산시 단원구 학동가 지하43 (중수김면),미숙김아파트,016-559-0833,hyeonuyu@example.org
이우진,56274,인천광역시 서구 백제고분77길 779-41,승현김안빌라,033-649-0471,vjang@example.net
박미정,01477,인천광역시 용산구 영동대62가 890-66 (서연이노동),지연양마을 755호,054-262-6460,yeongsug70@example.org
최예지,00634,대구광역시 중구 반포대가 207,종수전허타워 451호,043-896-5121,gyeongjayun@example.net
황정수,05735,강원도 광명시 개포34거리 531-42 (경희김리),현정이타운 S동 632호,043-721-4142,ri@example.org
권지민,42496,제주특별자치도 동해시 석촌호수183길 361-86,유진문이마을 D동 337호,062-226-4173,eungyeonggim@example.com
박시우,29241,대구광역시 금천구 봉은사길 지하172 (영철김리),상호손마을 Y동 202호,032-735-5979,gimminji@example.com
임숙자,41539,광주광역시 송파구 석촌호수길 333-37,종수한김타워 G동 541호,032-886-4772,sunja51@example.net
정명자,86807,대전광역시 강남구 개포로 지하572 (영철이면),승현구남마을 807호,051-607-7843,seoyeon27@example.com
배현숙,60433,경상북도 청주시 흥덕구 서초대가 지하843,수진김김빌라,062-564-9545,myeongjai@example.org
최정순,53328,인천광역시 강동구 서초대로 811-90,지연박류빌라 076호,017-324-4352,coeboram@example.org
오지현,36900,부산광역시 광진구 영동대38로 934,지민김타워 나동 027호,018-554-3485,gangjihun@example.net
김영희,81181,제주특별자치도 청주시 흥덕구 역삼4가 924,병철한곽빌라 578호,016-270-1549,myeongjagim@example.com
김광수,15312,충청남도 광주시 압구정82거리 149-51,옥자이마을 F동 613호,016-207-3290,yeonggilgim@example.org
이민준,62761,경상남도 양양군 논현07길 지하42 (미정이김면),예은김아파트 625호,011-919-6949,jihu03@example.com
김민서,05785,전라남도 안산시 양재천8로 410 (영일김리),미영송타워,011-122-0465,jihu69@example.org
전영수,70421,광주광역시 광진구 잠실로 지하258,명자서아파트 424호,055-679-9991,kgim@example.com
윤도현,80195,경상북도 청주시 흥덕구 서초중앙가 589 (선영이읍),종수박노마을 W동 416호,062-010-1250,hyeonumun@example.com
김경자,62607,광주광역시 용산구 선릉길 439-31 (지연김리),순옥류박타운 A동 144호,044-418-4271,sbaeg@example.org
박상훈,63758,서울특별시 서대문구 영동대가 938-6 (경숙김면),정숙박심아파트 568호,019-603-2171,sunja18@example.org
김정호,60334,전라북도 청주시 청원구 반포대554로 382-52 (민준오면),채원문아파트 라동 978호,017-846-2293,seojunjang@example.net
백예준,11511,충청남도 영동군 양재천거리 513,은서박김빌라 568호,053-535-8635,pgim@example.org
정서영,46504,경상남도 진천군 가락로 253,영일배강빌라,041-514-0735,iyeongmi@example.com
김예지,58869,대전광역시 성북구 서초대3거리 444-79,보람김연립,041-100-7117,can@example.com
김서현,37894,부산광역시 중랑구 학동874가 828-7 (중수양김마을),숙자이정빌라,053-836-5222,jungsugim@example.org
최영길,05830,세종특별자치시 영등포구 반포대57거리 282,경숙김마을 974호,031-131-8928,yejin47@example.com
최예지,37437,경상남도 고양시 일산서구 영동대4로 164-51,수빈이안연립 708호,044-429-3102,minjaejang@example.net
배정훈,97651,울산광역시 용산구 백제고분거리 771-20 (민수이읍),영희김마을 123호,064-768-0860,dcoe@example.org
김중수,56415,울산광역시 성북구 서초대8로 926-77 (민수김리),영일손마을,010-3388-1180,yeweonseo@example.org
권순자,11863,전라남도 부천시 논현가 997-98,은지김김마을,010-7687-3335,jinyeongmi@example.org
김영길,79817,서울특별시 강동구 테헤란로 131-60 (정희양김면),상훈이타운,044-476-2256,yjeong@example.net
김예진,86685,강원도 논산시 개포93거리 490,서준전홍아파트 P동 770호,054-778-2255,gimjeonghun@example.com
구현숙,43786,전라남도 광주시 봉은사길 946-47 (광수이김면),우진권타워 123호,061-531-3590,igyeonghyi@example.org
송성현,11300,경상남도 이천시 테헤란179거리 527,진호김박타운 105호,018-780-5156,sunog91@example.net
윤유진,54916,부산광역시 중구 테헤란가 365-78,명숙김김마을 350호,010-0319-2220,ui@example.org
강옥순,07366,인천광역시 영등포구 영동대99거리 148,민지최김타운,016-427-5365,yi@example.com
박성민,13003,강원도 태안군 백제고분거리 433,영미김박연립 O동 696호,062-638-1318,yeongsu14@example.com
박은영,18389,제주특별자치도 군포시 백제고분가 42,영미강김아파트 202호,033-854-2286,lryu@example.org
황우진,91219,제주특별자치도 안양시 동안구 반포대760거리 지하644,정수김김아파트 V동 012호,052-075-5892,ihyejin@example.org
김성호,47175,인천광역시 성동구 강남대706가 566-90 (재호김면),명숙윤연립,031-150-9208,ucoe@example.com
심진우,32091,부산광역시 영등포구 백제고분가 434 (아름김마을),재호김타운 V동 243호,061-730-6579,seonghungim@example.net
고정수,74340,대전광역시 동작구 선릉20가 191-48 (성민김김마을),옥자문빌라 910호,053-400-7098,gyeonghyi36@example.com
김도현,99450,대전광역시 마포구 양재천6로 673-50 (민준김마을),정식홍이마을,061-880-2017,jongsu71@example.net
조은지,77022,제주특별자치도 용인시 처인구 학동로 752 (정호강면),경숙이아파트 889호,041-230-7684,bageunji@example.net
이영호,45487,강원도 평창군 논현길 776-63 (성훈황김리),준혁이마을 521호,055-855-5701,sanghyeon00@example.org
김현숙,08266,대전광역시 종로구 석촌호수길 927-20 (영수강최마을),미경오타워,02-1139-1397,igim@example.com
서동현,02434,세종특별자치시 강서구 영동대가 587 (예지박동),승현이이타운 마동 208호,011-308-8322,kgim@example.org
한하윤,75873,대전광역시 노원구 백제고분길 889 (경희김동),숙자김타운,043-769-7994,fgim@example.net
박민수,57847,대전광역시 강남구 역삼2가 61,지훈이마을 E동 000호,032-430-0290,sanghun50@example.com
김재현,24478,광주광역시 중랑구 논현가 52 (성수김면),옥순이이연립,017-569-1233,sunja63@example.com
이서영,88468,부산광역시 동구 논현거리 162-56 (순자서박리),중수강이타워 마동 756호,033-897-9710,miyeongsong@example.com
김서영,32158,충청북도 괴산군 선릉287거리 48,영길김김타운,016-056-7218,yangsiu@example.net
박지은,98698,전라북도 수원시 장안구 반포대57거리 59-70,영길김윤마을,02-7632-8534,ugweon@example.com
고영호,89168,울산광역시 서대문구 논현449길 844,상호최김타워,010-7540-3786,jihunryu@example.net
강예준,10811,대전광역시 북구 반포대45로 415 (수민강마을),서윤김연립,017-299-2263,baeseoyun@example.org
손경희,74544,인천광역시 서구 서초대331거리 211-40,준영김오빌라 H동 990호,018-766-8075,jeongyeonghwan@example.org
박예원,31399,부산광역시 강북구 서초대가 279-32 (현정이박마을),영철허나타운,063-810-7238,so@example.com
김현정,36952,광주광역시 강북구 역삼0가 534,정자최김타운,062-920-7455,ii@example.net
김예진,14806,인천광역시 강동구 논현209가 110 (민석강김마을),지연엄조연립,02-0317-6153,sgweon@example.org
백서윤,64781,인천광역시 강북구 역삼06가 950 (정순우권면),주원남빌라,061-301-5110,ti@example.org
김미숙,76945,울산광역시 영등포구 반포대70가 572-85 (지우강읍),진호송윤연립 H동 396호,032-676-4415,iyeongsu@example.org
김은서,86997,전라남도 서산시 테헤란가 124 (윤서김읍),승현심김연립,070-1051-7032,jeongsu58@example.com
이도윤,51715,경상북도 동해시 오금82로 819,성수황빌라 567호,017-963-9857,sangho44@example.org
성지원,15091,대전광역시 동구 강남대377로 912 (민준박김면),수빈김김타운,054-816-1481,bagjeongsig@example.org
김광수,95546,서울특별시 용산구 봉은사길 지하665,민서권김아파트 E동 952호,051-940-0179,junyeongi@example.org
이상철,43881,대구광역시 동구 영동대709로 502-8,미경장윤아파트 873호,031-559-8333,junhyeogbag@example.com
박정자,38279,경상남도 당진시 반포대7가 135-24 (지우김동),영환허타워 097호,033-649-7954,cryu@example.net
윤민지,34707,경상북도 삼척시 잠실가 987-91,지현김박마을,055-517-3973,misug71@example.net
김지아,06461,인천광역시 용산구 영동대9로 907 (옥순김김읍),정희박아파트,017-539-8121,seojungim@example.org
이순옥,29912,제주특별자치도 홍천군 가락로 457-29 (영길김면),서연손타워,062-164-1815,fgim@example.net
문상현,13341,서울특별시 남구 봉은사거리 지하481,예지서마을 740호,053-248-7838,mi@example.net
한상훈,42784,대전광역시 양천구 도산대69거리 194-71 (현정남김읍),지원엄아파트 594호,043-945-1703,hbae@example.net
최예은,00406,경상남도 부여군 삼성814가 88 (미정안김읍),재호이허마을 X동 255호,02-3614-8194,ijeongsug@example.net
이동현,05762,부산광역시 남구 삼성거리 992-93 (옥순최이읍),영자김아파트 C동 387호,019-763-5293,gimeunyeong@example.com
양준혁,89712,경상북도 김포시 영동대038거리 980,순자안김연립,064-768-7099,yeweon03@example.org
이은서,99596,광주광역시 강남구 도산대03가 634-8 (현준김면),진호정타워 695호,051-658-6867,seoyeoni@example.org
김민서,52955,세종특별자치시 서구 삼성가 557-67,아름노홍타워 T동 924호,016-355-2356,sanghyeon48@example.net
곽정호,65029,경상북도 화성시 논현1거리 267-56,준혁안최빌라 089호,044-259-7354,rnam@example.net
김정식,50290,충청남도 서천군 봉은사가 지하624 (지우박이면),정순김오타운,063-082-1462,gimjeongsug@example.com
홍예지,10291,세종특별자치시 중랑구 테헤란114길 876 (채원이리),영희류빌라 O동 854호,02-2645-3325,bagjongsu@example.com
이진호,38383,대구광역시 강남구 삼성가 253,은정한마을 052호,055-630-1725,jinmigyeong@example.com
김서현,62659,울산광역시 성북구 석촌호수87가 612 (현지장면),아름이빌라,062-816-6650,vbag@example.net
강선영,49658,제주특별자치도 양양군 개포717거리 235 (은서김박리),재호김이빌라,061-345-6498,jgwag@example.com
한준서,94870,광주광역시 구로구 개포길 242 (지훈이손읍),채원한연립,033-195-4741,coeseohyeon@example.org
이은경,03822,울산광역시 서구 오금738가 326-36,광수박타운,064-793-0979,jongsu13@example.com
이지현,30672,대구광역시 관악구 봉은사198거리 758 (영희강리),지연김마을 나동 466호,016-002-5894,to@example.org
이정순,95748,세종특별자치시 노원구 서초중앙05로 322-48,현숙강연립,043-319-9192,fgim@example.com
고수진,52076,대전광역시 노원구 테헤란0거리 690-6,성현김타워 O동 187호,042-226-1503,ihyeonu@example.net
양서현,79151,인천광역시 강동구 선릉거리 575,서연이타워 U동 428호,070-5923-9004,jeonghun49@example.net
김수빈,42067,서울특별시 성동구 언주로 482,준혁김마을,061-740-9628,zgim@example.net
김민수,13221,대전광역시 강남구 학동로 지하658 (상철안김마을),정자이박마을 779호,053-399-5234,yeongmi09@example.net
김승현,92595,광주광역시 노원구 선릉거리 지하606,건우최김타운,055-556-7513,yeonghwan18@example.org
고은영,59170,서울특별시 관악구 잠실908길 107,수진김김아파트 마동 975호,064-711-4094,gimjunho@example.net
남예은,60506,대구광역시 중랑구 석촌호수89길 지하339,지민김김타운 373호,052-294-6225,po@example.net
전영진,06490,울산광역시 종로구 양재천8거리 622,건우강김타운 O동 094호,018-375-1297,eunseogim@example.net
김영일,13109,세종특별자치시 강남구 서초대길 92-77 (우진박리),종수성손마을 929호,063-001-6302,seunghyeon53@example.net
황정순,38374,세종특별자치시 강서구 역삼47거리 726-86 (성현김배동),보람안아파트,031-579-2631,wi@example.org
김지아,23718,서울특별시 강서구 석촌호수가 145,영수한마을,054-110-5361,jeongsubag@example.com
최성민,03795,강원도 성남시 분당구 학동6길 지하861 (윤서최읍),도현박이빌라,070-1151-7229,ggim@example.com
박병철,62068,광주광역시 도봉구 압구정000가 지하452,성훈정타운,016-110-6917,baggyeonghyi@example.com
이예은,46415,강원도 파주시 봉은사3가 지하163 (광수김읍),정식최빌라,017-679-9513,gimhyeonji@example.org
이지민,40251,전라남도 여주시 영동대길 867-29,유진윤타워,052-490-0203,minseogo@example.org
김종수,92324,서울특별시 서초구 영동대36거리 지하299 (예준최읍),은정김장마을,019-236-4603,wsim@example.com
윤정호,22433,경상북도 원주시 봉은사0거리 499 (민서곽김읍),재호김연립 V동 284호,062-388-5718,sujinmin@example.org
백미경,69616,대구광역시 중랑구 논현길 929 (현준이안동),현지이타워 H동 483호,032-907-6830,iseongjin@example.net
김은서,93853,대전광역시 마포구 반포대길 지하638,민서김박타운 902호,016-379-7188,jihyecoe@example.net
황윤서,12743,경기도 안양시 동안구 오금14로 734,하은김김마을,018-810-1973,gimyeongsu@example.org
손진호,59960,대구광역시 서초구 삼성745길 958,승현이아파트 523동 301호,02-5227-3878,gimsunja@example.net
주재호,04675,제주특별자치도 청주시 흥덕구 논현거리 923 (경숙양최마을),수민박이아파트 U동 336호,063-051-9523,migyeong18@example.com
이정순,54118,세종특별자치시 북구 압구정59거리 764-18 (영길이김동),은정김박빌라 A동 301호,052-217-8652,sanghyeongim@example.org
김경자,18182,충청남도 광주시 반포대가 815,예원전김타워 907호,011-764-6186,jeongja67@example.net
이지후,15432,경상남도 예산군 서초중앙19가 7,준영문빌라 809호,043-810-8119,seoyeong43@example.org
이지은,91782,서울특별시 성동구 석촌호수거리 118-49 (진호박동),동현이최빌라 K동 808호,061-529-5078,yeonggil74@example.org
김영숙,43549,경상북도 평택시 석촌호수가 254 (혜진권동),서윤하타운,064-756-4589,qsim@example.org
김현정,68088,대전광역시 광진구 논현6길 591-2,수빈김연립,031-414-1202,gyeongsughong@example.com
백수빈,30250,부산광역시 노원구 봉은사거리 222 (지민장오마을),병철김마을 Q동 410호,042-079-2909,jeongsugryu@example.net
강지현,87566,강원도 오산시 테헤란12거리 970-79 (영순이김읍),은영하마을,054-277-7886,jimin34@example.com
윤하은,30030,경상북도 안성시 도산대가 322-22,서현김김빌라 다동 987호,011-161-2307,jiu62@example.net
김지연,61331,경상북도 의왕시 영동대거리 671 (예진고동),채원박타운,052-355-5848,sunogo@example.org
최영일,90571,충청남도 부천시 선릉180거리 135-98 (종수최읍),하윤김한타워 474호,033-801-1598,hi@example.org
박도현,54754,부산광역시 강남구 학동418거리 57,동현황연립 T동 336호,054-114-2986,ujini@example.com
이영숙,63570,전라북도 증평군 역삼639로 696-81 (수민강동),성민이타워 F동 473호,016-494-9137,myeongsug43@example.com
김건우,58301,인천광역시 광진구 오금638가 562-38,도현이빌라 H동 975호,052-363-3717,hbaeg@example.org
이중수,11235,충청남도 양주시 서초대5로 65 (서준김양읍),정수서마을 040호,032-217-4268,hansangceol@example.com
이지연,59390,강원도 하남시 논현052거리 90,상훈박마을 I동 654호,019-690-9279,ijinho@example.org
안정희,20197,울산광역시 북구 반포대070거리 569-37 (진호차리),지우이타운 182호,055-521-0444,boramyu@example.net
김정순,08320,세종특별자치시 종로구 양재천67로 830,성수윤아파트 765호,019-476-6351,coeeunyeong@example.com
김준혁,58895,울산광역시 강남구 영동대0거리 936 (지은김박리),상훈이아파트,011-949-4339,eunju74@example.com
오준서,39724,세종특별자치시 금천구 강남대로 516-41,지영김손마을,011-037-2391,rno@example.net
안현지,96091,부산광역시 은평구 언주3거리 728-60 (순옥김동),은영최연립 939호,02-4963-2461,hyeonji81@example.net
최서준,71503,제주특별자치도 남양주시 석촌호수가 919,종수민타운 598호,044-324-6839,tcoe@example.org
신정순,40073,서울특별시 영등포구 학동거리 375,광수김김아파트,033-194-0071,eunjugim@example.net
김채원,95937,세종특별자치시 영등포구 언주50거리 962,주원허최마을 006호,053-032-6429,gimujin@example.org
박준서,69929,경상남도 부천시 오정구 도산대1길 319 (예진김서동),은정류연립,043-108-3939,yunseojeon@example.net
김서준,91543,강원도 청주시 흥덕구 양재천로 36-85,은정한안타운 326호,051-142-3184,hhong@example.net
김성진,85127,경상북도 고양시 선릉로 771,영호박한빌라 699호,02-9833-6411,caeweon31@example.net
황혜진,52253,경상북도 광주시 석촌호수25길 173-65 (중수최하동),수민이타운,043-676-7116,ryusangceol@example.net
박민재,23469,대전광역시 은평구 서초중앙2거리 75 (성진진리),예지김연립,010-9969-9139,ban@example.net
차영호,55890,경상북도 영월군 오금726길 121-72,성호이권마을 Y동 195호,064-734-6328,migyeong13@example.net
이정웅,26364,전라북도 논산시 압구정0길 798 (정수박이리),예지김김아파트 Y동 988호,053-492-4856,gimgyeongsu@example.org
김명숙,98125,충청북도 춘천시 반포대가 626,영진이연립 다동 557호,016-457-6110,ijihu@example.com
조정호,21717,서울특별시 강북구 도산대가 577-85,우진장신빌라 901호,017-265-6405,gimogsun@example.net
안정식,94463,충청남도 부천시 원미구 잠실가 128-53 (옥순한고면),지훈박아파트 D동 430호,032-164-9073,xcoe@example.com
전지현,26238,경상북도 부천시 원미구 오금길 221-10 (영자이양동),상철윤아파트 X동 002호,032-248-2451,jimini@example.org
이은영,03672,인천광역시 서대문구 석촌호수거리 530-4 (승현이읍),경자이연립 429호,019-368-0629,gweonsugja@example.com
이정식,09837,충청북도 안산시 가락길 668,옥자전빌라 907호,053-979-0956,ii@example.com
김현우,93461,충청북도 고양시 일산동구 잠실로 지하214 (주원양김면),경수한연립 Q동 652호,033-170-0728,nojeongsig@example.org
장상훈,56858,대구광역시 동대문구 반포대7길 464-16,중수강서타워 N동 903호,062-994-0474,hongsangceol@example.net
이수진,09922,충청남도 안양시 도산대553로 972-66 (종수오이면),정희최김연립 F동 752호,052-250-0714,seunghyeon00@example.org
김서윤,81486,서울특별시 노원구 삼성길 275,영환최백타워,051-662-6921,fgim@example.com
김준영,49519,서울특별시 동대문구 압구정길 311 (명숙백김마을),민서김타운,062-018-8468,minjeongsig@example.net
김춘자,66590,경상북도 수원시 장안구 도산대36길 849,미경김타운,011-483-9381,anjiweon@example.com
김지훈,67002,충청북도 춘천시 오금79가 583-92 (상호조박마을),명숙이이타워 128호,070-3251-5568,jeongsig90@example.com
박수민,23432,인천광역시 북구 반포대521가 183 (예은송마을),옥자백최아파트 228호,064-748-8452,hyeonju70@example.net
박아름,96219,제주특별자치도 서산시 가락길 719 (미영오문읍),정남허빌라 P동 080호,018-451-3656,minseoyun@example.net
송정수,40880,전라남도 철원군 도산대665거리 895,현주이연립 P동 695호,02-6044-8747,gyeongsug01@example.com
이지연,63983,광주광역시 용산구 논현24로 30-98,정수이연립 728호,019-761-9308,mijeongan@example.org
김정자,79281,서울특별시 금천구 압구정거리 156 (상훈이이읍),도현홍타워 621호,011-020-5402,gimjeongsug@example.org
류정숙,67108,전라남도 삼척시 오금0가 570 (유진김황동),건우황마을 717호,017-698-6592,migyeonggim@example.net
황지원,78866,충청남도 광주시 언주가 지하778,은주김김타워 653호,062-471-4516,yeonggilgim@example.org
김상훈,33824,제주특별자치도 용인시 수지구 영동대가 399,경숙이이마을,042-538-3204,gwangsui@example.com
박상현,66673,경기도 계룡시 석촌호수2거리 715,시우류고연립 X동 022호,041-655-1871,asin@example.org
남민서,66289,경상남도 정선군 가락981로 93-8 (선영박동),지후박권타워 815호,055-256-6625,yeonghobag@example.net
김춘자,78124,인천광역시 중랑구 서초대거리 458-71,지연조타운 O동 241호,019-285-9799,cyun@example.org
김은경,33145,제주특별자치도 부천시 소사구 양재천400거리 562-63,민지윤연립 789호,052-074-2343,ijihyeon@example.net
전영철,41714,대구광역시 중구 압구정904길 440,지영윤연립 S동 878호,02-3280-7267,gimjungsu@example.com
김지현,66661,제주특별자치도 고성군 가락가 796 (경자송리),중수김빌라 Z동 360호,033-357-8568,yeongjin58@example.com
김정희,01591,전라남도 포천시 서초중앙1가 867,지원이김빌라 K동 772호,011-844-5130,seongsugim@example.net
류서준,93977,경상북도 속초시 석촌호수044가 813-56,옥자한이빌라 22동 740호,011-180-1337,jiweoni@example.net
이영숙,36050,울산광역시 동대문구 석촌호수가 665 (숙자박장읍),영숙이타운 033호,018-496-2178,geonu05@example.org
이지민,11733,충청남도 양양군 가락가 296 (옥순박한동),지원윤마을 596호,031-701-1296,rcoe@example.net
남영희,67719,세종특별자치시 은평구 테헤란거리 803 (시우손김면),정자최타워 418호,011-536-3074,junhyeoggim@example.org
박성민,26215,광주광역시 영등포구 선릉726가 731,미경진아파트 982호,017-263-4798,dohyeoni@example.net
윤은영,20600,대구광역시 용산구 도산대가 519-10,경숙최김연립 516호,018-293-8560,junseoson@example.com
류경숙,78478,인천광역시 서초구 논현4로 642 (성훈최박리),현준이이아파트 916호,054-057-3242,minjunmun@example.org
서중수,76676,전라남도 광명시 백제고분로 38-46 (채원하박면),예진이아파트 176호,062-372-5797,seoyeongsig@example.com
이민지,63638,전라북도 용인시 처인구 잠실거리 443 (민서최김리),성호허타운,063-900-9543,jiyeonseo@example.net
이도현,94916,경기도 청주시 상당구 역삼로 525 (진호이하리),진호류마을 235호,052-885-8400,minseog82@example.net
최예원,50749,경기도 의왕시 양재천로 548-23,상철이김타운 바동 049호,019-774-5019,lryu@example.net
강현준,14176,충청북도 시흥시 석촌호수길 616 (영호이김면),지훈박이타운 060호,055-099-5450,fgim@example.com
김지연,08243,전라북도 보은군 역삼9로 277 (영호배마을),서윤하최빌라,019-601-1853,ogsun39@example.org
이지영,27431,충청북도 수원시 팔달구 언주3가 164-55,민준송아파트 F동 771호,061-745-9017,gimcunja@example.com
이예원,40213,경상남도 파주시 서초대13거리 381-31,진우이타워 A동 823호,02-0344-2126,ljang@example.com
차예원,87545,제주특별자치도 고양시 덕양구 강남대1가 486,성민최손연립,018-600-8808,myeongjayun@example.org
서숙자,24854,울산광역시 서대문구 학동7로 186,은주박타워 T동 311호,018-460-3699,seoyeongim@example.org
이성수,64713,대전광역시 동작구 양재천49가 440-52,준영박박마을,033-012-9993,johyejin@example.com
김재호,22093,인천광역시 금천구 역삼거리 220 (성진고성리),정순박김연립 118호,017-309-7346,bagmyeongja@example.com
백종수,13302,대전광역시 중구 도산대길 253 (지훈이읍),승민김박빌라 C동 307호,054-408-8597,xgim@example.com
최지은,23401,대전광역시 영등포구 오금4가 582 (영환박서마을),은지문김빌라,063-246-7317,zim@example.net
최유진,35474,인천광역시 강동구 역삼3로 144 (도윤엄면),서윤이마을 K동 604호,041-105-3074,wson@example.org
김정남,86094,광주광역시 송파구 서초중앙로 205,경자조이마을 O동 129호,018-512-9363,songjaeho@example.com
김수민,10767,충청북도 음성군 삼성로 708 (정남김면),승현김김마을,055-002-9975,yeongmi91@example.net
김성호,07012,대전광역시 금천구 서초중앙길 118-90,서영이빌라 X동 510호,031-178-9999,seonyeong00@example.net
김정남,17384,부산광역시 남구 개포로 508 (영진장동),영희김타운 나동 719호,062-152-1285,siu57@example.com
최지혜,55497,경상북도 논산시 오금로 48-65,영길정이타워 387호,043-667-0464,cgim@example.org
김영순,59922,전라북도 제천시 테헤란로 591-74 (영환한강읍),경수김타운 Y동 698호,062-771-1409,rgim@example.org
오도윤,60648,인천광역시 송파구 서초중앙가 872,수빈조마을,016-543-3480,oi@example.com
이정웅,69166,세종특별자치시 강북구 논현391거리 90-17,성호이김아파트,053-381-6483,hi@example.net
최영희,91580,전라남도 군포시 서초대612로 79 (정남배신읍),우진장빌라,064-719-6443,hanyujin@example.com
김지원,64262,경상남도 증평군 선릉길 101,예원김최타워,019-904-0501,ogsungim@example.com
이지훈,63409,경기도 수원시 권선구 오금로 3,재현오오타워,044-593-6513,gimyeongsug@example.net
김정수,71767,대전광역시 성동구 가락가 320-7 (준호김동),광수한이아파트,02-3057-5483,hayeonghyi@example.net
김준혁,87407,강원도 고양시 일산동구 오금거리 341,지민송최타운 다동 560호,051-076-7001,donghyeon50@example.net
김정식,69673,전라남도 하남시 봉은사6로 138,지후박최타워,053-397-7496,bagyeongmi@example.com
윤예은,03735,경상남도 성남시 중원구 오금로 827-9,서윤박문타워,010-2866-1204,hyeonsugcoe@example.com
